sender.location,sender.latitude,sender.longitude,receiver.location,receiver.latitude,receiver.longitude,date,number.of.items
"DEU, Mockethal",50.97178,13.960129,"USA, New York (NY)",40.712784,-74.005941000000007,1915-09-07,329
"DEU, Mockethal",50.97178,13.960129,"USA, New York (NY)",40.712784,-74.005941000000007,1915-09-19,439
"DEU, Mockethal",50.97178,13.960129,"USA, New York (NY)",40.712784,-74.005941000000007,1915-09-21,451
"DEU, Mockethal",50.97178,13.960129,"USA, New York (NY)",40.712784,-74.005941000000007,1915-09-30,398
"DEU, Mockethal",50.97178,13.960129,"USA, New York (NY)",40.712784,-74.005941000000007,1915-10-05,410
"DEU, Mockethal",50.97178,13.960129,"USA, New York (NY)",40.712784,-74.005941000000007,1915-10-13,252
"DEU, Mockethal",50.97178,13.960129,"USA, New York (NY)",40.712784,-74.005941000000007,1915-10-15,440
"DEU, Mockethal",50.97178,13.960129,"USA, New York (NY)",40.712784,-74.005941000000007,1915-10-15,326
"DEU, Mockethal",50.97178,13.960129,"USA, New York (NY)",40.712784,-74.005941000000007,1915-10-31,421
"DEU, Mockethal",50.97178,13.960129,"USA, New York (NY)",40.712784,-74.005941000000007,1915-11-08,441
"DEU, Mockethal",50.97178,13.960129,"USA, New York (NY)",40.712784,-74.005941000000007,1915-11-08,496
"DEU, Mockethal",50.97178,13.960129,"USA, New York (NY)",40.712784,-74.005941000000007,1915-11-14,509
"DEU, Mockethal",50.97178,13.960129,"USA, New York (NY)",40.712784,-74.005941000000007,1915-11-14,239
"DEU, Mockethal",50.97178,13.960129,"USA, New York (NY)",40.712784,-74.005941000000007,1915-11-17,259
"DEU, Mockethal",50.97178,13.960129,"USA, New York (NY)",40.712784,-74.005941000000007,1915-11-27,453
"DEU, Mockethal",50.97178,13.960129,"USA, New York (NY)",40.712784,-74.005941000000007,1915-12-04,451
"DEU, Mockethal",50.97178,13.960129,"USA, New York (NY)",40.712784,-74.005941000000007,1915-12-17,315
"DEU, Mockethal",50.97178,13.960129,"USA, New York (NY)",40.712784,-74.005941000000007,1915-12-19,400
"USA, St Louis (MS)",38.600423,-90.221624,"DEU, Templin",53.116887,13.497969,1868-06-06,456
"USA, Mobile (AL)",30.696441,-88.180356,"DEU, Templin",53.116887,13.497969,1868-07-30,450
"USA, Mobile (AL)",30.696441,-88.180356,"DEU, Templin",53.116887,13.497969,1868-09-30,428
"USA, Laevenworth City (KA)",39.311111,-94.922464,"DEU, Templin",53.116887,13.497969,1868-11-11,461
"USA, St Louis (MS)",38.600423,-90.221624,"DEU, Templin",53.116887,13.497969,1869-07-11,521
"USA, Park County (KA)",43.919952,-94.70262,"DEU, Templin",53.116887,13.497969,1870-11-30,452
"USA, Lagrange (TN)",35.136443,-89.302732,"DEU, Templin",53.116887,13.497969,1875-02-12,435
"USA, Cairo (IL)",37.005329,-89.176461,"DEU, Templin",53.116887,13.497969,1875-03-25,448
"USA, Nashville (TN)",36.162664,-86.781602,"DEU, Templin",53.116887,13.497969,1875-07-12,471
"USA, Mobile (AL)",30.696441,-88.180356,"DEU, Templin",53.116887,13.497969,1875-10-04,410
"USA, Montgomery (AL)",32.366805,-86.299969,"DEU, Templin",53.116887,13.497969,1876-01-03,367
"USA, Conover (NC)",35.706522,-81.218693,"DEU, Templin",53.116887,13.497969,1876-03-28,294
"USA, Conover (NC)",35.706522,-81.218693,"DEU, Templin",53.116887,13.497969,1878-03-11,303
"USA, Conover (NC)",35.706522,-81.218693,"DEU, Templin",53.116887,13.497969,1879-01-08,445
"USA, Conover (NC)",35.706522,-81.218693,"DEU, Templin",53.116887,13.497969,1879-04-02,462
"USA, Conover (NC)",35.706522,-81.218693,"DEU, Templin",53.116887,13.497969,1879-10-08,340
"USA, Conover (NC)",35.706522,-81.218693,"DEU, Templin",53.116887,13.497969,1880-08-13,529
"USA, Conover (NC)",35.706522,-81.218693,"DEU, Templin",53.116887,13.497969,1910-06-23,441
"USA, Spokane (WA)",47.65878,-117.426047,"DEU, Langen",49.991466,8.663401,1936-01-22,547
"USA, Spokane (WA)",47.65878,-117.426047,"DEU, Munich",48.135125,11.581981,1936-06-08,430
"USA, Spokane (WA)",47.65878,-117.426047,"DEU, Munich",48.135125,11.581981,1936-07-31,496
"USA, Spokane (WA)",47.65878,-117.426047,"DEU, Munich",48.135125,11.581981,1936-10-03,348
"USA, Spokane (WA)",47.65878,-117.426047,"DEU, Munich",48.135125,11.581981,1936-11-10,475
"USA, Winona (MN)",44.055391,-91.666352,"DEU, Munich",48.135125,11.581981,1937-03-28,461
"USA, Winona (MN)",44.055391,-91.666352,"DEU, Munich",48.135125,11.581981,1937-05-28,393
"USA, Winona (MN)",44.055391,-91.666352,"DEU, Munich",48.135125,11.581981,1938-07-16,233
"USA, Winona (MN)",44.055391,-91.666352,"DEU, Munich",48.135125,11.581981,1937-11-16,448
"USA, Winona (MN)",44.055391,-91.666352,"DEU, Munich",48.135125,11.581981,1938-04-02,320
"USA, Winona (MN)",44.055391,-91.666352,"DEU, Munich",48.135125,11.581981,1938-05-10,482
"USA, Winona (MN)",44.055391,-91.666352,"DEU, Munich",48.135125,11.581981,1939-03-20,307
"USA, Winona (MN)",44.055391,-91.666352,"DEU, Munich",48.135125,11.581981,1940-06-15,322
"USA, Winona (MN)",44.055391,-91.666352,"DEU, Munich",48.135125,11.581981,1941-06-19,523
"USA, Winona (MN)",44.055391,-91.666352,"DEU, Munich",48.135125,11.581981,1942-05-10,502
"CAN, Dodsland (ON)",51.799528,-108.835033,"DEU, Munich",48.135125,11.581981,1937-05-07,482
"CAN, Hamilton (ON)",43.250021,-79.866091,"DEU, Munich",48.135125,11.581981,1938-07-15,372
"CAN, Hamilton (ON)",43.250021,-79.866091,"DEU, Munich",48.135125,11.581981,1938-09-04,563
"CAN, Hamilton (ON)",43.250021,-79.866091,"DEU, Munich",48.135125,11.581981,1939-01-31,466
"USA, Milwaukee (WI)",43.038903,-87.906474,"DEU, Munich",48.135125,11.581981,1939-05-18,490
"USA, Milwaukee (WI)",43.038903,-87.906474,"DEU, Munich",48.135125,11.581981,1939-07-08,325
"USA, Milwaukee (WI)",43.038903,-87.906474,"DEU, Munich",48.135125,11.581981,1939-07-20,495
"USA, Milwaukee (WI)",43.038903,-87.906474,"DEU, Munich",48.135125,11.581981,1939-09-29,492
"USA, Buffalo (NY)",42.886447,-78.878369,"DEU, Munich",48.135125,11.581981,1939-11-22,261
"CAN, Hamilton (ON)",43.250021,-79.866091,"DEU, Munich",48.135125,11.581981,1939-12-21,359
"USA, Buffalo (NY)",42.886447,-78.878369,"DEU, M?_nchen",48.135125,11.581981,1940-01-10,448
"USA, Buffalo (NY)",42.886447,-78.878369,"DEU, M?_nchen",48.135125,11.581981,1941-04-19,453
"USA, Buffalo (NY)",42.886447,-78.878369,"DEU, M?_nchen",48.135125,11.581981,1941-05-31,357
"USA, Buffalo (NY)",42.886447,-78.878369,"DEU, M?_nchen",48.135125,11.581981,1941-07-07,311
"CAN, Dodsland (ON)",51.799528,-108.835033,"DEU, M?_nchen",48.135125,11.581981,1942-03-27,369
"USA, Milwaukee (WI)",43.038903,-87.906474,"DEU, M?_nchen",48.135125,11.581981,1938-04-01,227
"USA, Milwaukee (WI)",43.038903,-87.906474,"DEU, M?_nchen",48.135125,11.581981,1937-11-21,386
"USA, Milwaukee (WI)",43.038903,-87.906474,"DEU, M?_nchen",48.135125,11.581981,1937-12-31,487
"USA, Milwaukee (WI)",43.038903,-87.906474,"DEU, M?_nchen",48.135125,11.581981,1938-02-11,256
"USA, Milwaukee (WI)",43.038903,-87.906474,"DEU, M?_nchen",48.135125,11.581981,1941-06-26,466
"DEU, Bremen",53.079296,8.801694,"DEU, M?_nchen",48.135125,11.581981,1937-10-21,390
"USA, Manitowoc (WI)",44.088606,-87.657584,"DEU, M?_nchen",48.135125,11.581981,1935-06-13,276
"USA, Manitowoc (WI)",44.088606,-87.657584,"DEU, M?_nchen",48.135125,11.581981,1935-10-06,353
"USA, Orange (NJ)",33.787794,-117.853112,"DEU, Ribnitz (Mecklenburg)",54.252211,12.439749,1884-07-12,352
"USA, Cincinnati (OH)",39.103118,-84.51202,"DEU, Ribnitz (Mecklenburg)",54.252211,12.439749,1862-12-24,308
"USA, Cincinnati (OH)",39.103118,-84.51202,"DEU, Ribnitz (Mecklenburg)",54.252211,12.439749,1869-12-15,365
"USA, Cincinnati (OH)",39.103118,-84.51202,"DEU, Ribnitz (Mecklenburg)",54.252211,12.439749,1862-12-24,542
"USA, Cincinnati (OH)",39.103118,-84.51202,"DEU, Ribnitz (Mecklenburg)",54.252211,12.439749,1864-11-13,452
"USA, Cincinnati (OH)",39.103118,-84.51202,"DEU, Ribnitz (Mecklenburg)",54.252211,12.439749,1869-12-15,512
"USA, Cincinnati (OH)",39.103118,-84.51202,"DEU, Ribnitz (Mecklenburg)",54.252211,12.439749,1877-06-02,466
"USA, Cincinnati (OH)",39.103118,-84.51202,"DEU, Ribnitz (Mecklenburg)",54.252211,12.439749,1860-08-06,416
"USA, Cincinnati (OH)",39.103118,-84.51202,"DEU, Ribnitz (Mecklenburg)",54.252211,12.439749,1861-08-07,338
"USA, Cincinnati (OH)",39.103118,-84.51202,"DEU, Ribnitz (Mecklenburg)",54.252211,12.439749,1864-01-17,333
"USA, Newport (KY)",39.091449,-84.495776,"DEU, Ribnitz (Mecklenburg)",54.252211,12.439749,1864-12-24,509
"USA, Oskaloosa (IA)",41.291673,-92.649359,"DEU, Ribnitz (Mecklenburg)",54.252211,12.439749,1865-09-13,563
"USA, Oskaloosa (IA)",41.291673,-92.649359,"DEU, Ribnitz (Mecklenburg)",54.252211,12.439749,1865-10-13,452
"USA, Oskaloosa (IA)",41.291673,-92.649359,"DEU, Ribnitz (Mecklenburg)",54.252211,12.439749,1866-10-24,268
"USA, Oskaloosa (IA)",41.291673,-92.649359,"DEU, Ribnitz (Mecklenburg)",54.252211,12.439749,1867-06-04,531
"USA, Oskaloosa (IA)",41.291673,-92.649359,"DEU, Ribnitz (Mecklenburg)",54.252211,12.439749,1867-08-14,350
"USA, Oskaloosa (IA)",41.291673,-92.649359,"DEU, Ribnitz (Mecklenburg)",54.252211,12.439749,1868-05-10,436
"USA, Oskaloosa (IA)",41.291673,-92.649359,"DEU, Ribnitz (Mecklenburg)",54.252211,12.439749,1869-07-01,352
"USA, Oskaloosa (IA)",41.291673,-92.649359,"DEU, Ribnitz (Mecklenburg)",54.252211,12.439749,1869-10-25,451
"USA, Oskaloosa (IA)",41.291673,-92.649359,"DEU, Ribnitz (Mecklenburg)",54.252211,12.439749,1871-07-20,286
"USA, Oskaloosa (IA)",41.291673,-92.649359,"DEU, Ribnitz (Mecklenburg)",54.252211,12.439749,1876-09-24,527
"USA, Oskaloosa (IA)",41.291673,-92.649359,"DEU, Ribnitz (Mecklenburg)",54.252211,12.439749,1877-04-16,384
"USA, Oskaloosa (IA)",41.291673,-92.649359,"DEU, Ribnitz (Mecklenburg)",54.252211,12.439749,1877-09-03,343
"USA, Oskaloosa (IA)",41.291673,-92.649359,"DEU, Ribnitz (Mecklenburg)",54.252211,12.439749,1878-06-19,350
"USA, Newport (KY)",39.091449,-84.495776,"DEU, Ribnitz (Mecklenburg)",54.252211,12.439749,1864-12-23,379
"USA, Newport (KY)",39.091449,-84.495776,"DEU, Ribnitz (Mecklenburg)",54.252211,12.439749,1865-01-19,429
"USA, Oskaloosa (IA)",41.291673,-92.649359,"DEU, Ribnitz (Mecklenburg)",54.252211,12.439749,1866-11-01,381
"USA, Oskaloosa (IA)",41.291673,-92.649359,"DEU, Ribnitz (Mecklenburg)",54.252211,12.439749,1867-06-07,410
"USA, Oskaloosa (IA)",41.291673,-92.649359,"DEU, Ribnitz (Mecklenburg)",54.252211,12.439749,1867-07-15,408
"USA, Oskaloosa (IA)",41.291673,-92.649359,"DEU, Ribnitz (Mecklenburg)",54.252211,12.439749,1868-05-10,481
"USA, Warsaw (IL)",40.359211,-91.434598,"DEU, Ribnitz (Mecklenburg)",54.252211,12.439749,1870-06-12,428
"USA, Warsaw (IL)",40.359211,-91.434598,"DEU, Ribnitz (Mecklenburg)",54.252211,12.439749,1871-05-31,379
"USA, Warsaw (IL)",40.359211,-91.434598,"DEU, Ribnitz (Mecklenburg)",54.252211,12.439749,1871-06-17,536
"USA, Warsaw (IL)",40.359211,-91.434598,"DEU, Ribnitz (Mecklenburg)",54.252211,12.439749,1872-10-20,346
"USA, Koekuk (IA?)",40.404473,-91.396397,"DEU, Ribnitz (Mecklenburg)",54.252211,12.439749,1877-09-03,446
"USA, Koekuk (IA?)",40.404473,-91.396397,"DEU, Ribnitz (Mecklenburg)",54.252211,12.439749,1878-06-19,368
"USA, Cincinnati (OH)",39.103118,-84.51202,"DEU, Ribnitz (Mecklenburg)",54.252211,12.439749,1860-08-06,311
"USA, Cincinnati (OH)",39.103118,-84.51202,"DEU, Ribnitz (Mecklenburg)",54.252211,12.439749,1861-08-07,370
"USA, Oskaloosa (IA)",41.291673,-92.649359,"DEU, Ribnitz (Mecklenburg)",54.252211,12.439749,1862-12-24,585
"USA, Cincinnati (OH)",39.103118,-84.51202,"DEU, Ribnitz (Mecklenburg)",54.252211,12.439749,1864-01-17,503
"USA, Oskaloosa (IA)",41.291673,-92.649359,"DEU, Ribnitz (Mecklenburg)",54.252211,12.439749,1864-10-12,410
"USA, Newport (KY)",39.091449,-84.495776,"DEU, Ribnitz (Mecklenburg)",54.252211,12.439749,1864-12-24,524
"USA, Oskaloosa (IA)",41.291673,-92.649359,"DEU, Ribnitz (Mecklenburg)",54.252211,12.439749,1865-09-13,426
"USA, Oskaloosa (IA)",41.291673,-92.649359,"DEU, Ribnitz (Mecklenburg)",54.252211,12.439749,1865-09-13,392
"USA, Oskaloosa (IA)",41.291673,-92.649359,"DEU, Ribnitz (Mecklenburg)",54.252211,12.439749,1866-10-24,407
"USA, Oskaloosa (IA)",41.291673,-92.649359,"DEU, Ribnitz (Mecklenburg)",54.252211,12.439749,1866-10-24,464
"USA, Oskaloosa (IA)",41.291673,-92.649359,"DEU, Ribnitz (Mecklenburg)",54.252211,12.439749,1867-06-04,377
"USA, Oskaloosa (IA)",41.291673,-92.649359,"DEU, Ribnitz (Mecklenburg)",54.252211,12.439749,1867-08-14,320
"USA, Oskaloosa (IA)",41.291673,-92.649359,"DEU, Ribnitz (Mecklenburg)",54.252211,12.439749,1868-05-10,307
"USA, Oskaloosa (IA)",41.291673,-92.649359,"DEU, Ribnitz (Mecklenburg)",54.252211,12.439749,1869-07-01,369
"USA, Oskaloosa (IA)",41.291673,-92.649359,"DEU, Ribnitz (Mecklenburg)",54.252211,12.439749,1869-10-25,375
"USA, Oskaloosa (IA)",41.291673,-92.649359,"DEU, Ribnitz (Mecklenburg)",54.252211,12.439749,1871-07-20,253
"USA, Oskaloosa (IA)",41.291673,-92.649359,"DEU, Ribnitz (Mecklenburg)",54.252211,12.439749,1876-09-24,601
"USA, Newport (KY)",39.091449,-84.495776,"DEU, Ribnitz (Mecklenburg)",54.252211,12.439749,1864-12-23,336
"USA, Newport (KY)",39.091449,-84.495776,"DEU, Ribnitz (Mecklenburg)",54.252211,12.439749,1865-01-19,518
"USA, Maisfeld (near Oskaloosa) (IA)",41.291673,-92.649359,"DEU, Ribnitz (Mecklenburg)",54.252211,12.439749,1865-10-01,542
"USA, Oskaloosa (IA)",41.291673,-92.649359,"DEU, Ribnitz (Mecklenburg)",54.252211,12.439749,1866-11-01,264
"USA, Oskaloosa (IA)",41.291673,-92.649359,"DEU, Ribnitz (Mecklenburg)",54.252211,12.439749,1867-02-24,402
"USA, Warsaw (IL)",40.359211,-91.434598,"DEU, Ribnitz (Mecklenburg)",54.252211,12.439749,1870-06-12,437
"USA, Warsaw (IL)",40.359211,-91.434598,"DEU, Ribnitz (Mecklenburg)",54.252211,12.439749,1871-05-31,385
"USA, Warsaw (IL)",40.359211,-91.434598,"DEU, Ribnitz (Mecklenburg)",54.252211,12.439749,1872-10-20,474
"DEU, Erfurt",50.984768,11.02988,"DEU, Gr?_fenroda",50.747635,10.810775,1888-03-02,236
"USA, Detroit (MI)",42.331427,-83.045754,"DEU, Gr?_fenroda",50.747635,10.810775,1864-08-08,527
"USA, Detroit (MI)",42.331427,-83.045754,"DEU, Gr?_fenroda",50.747635,10.810775,1864-08-10,660
"USA, Detroit (MI)",42.331427,-83.045754,"DEU, Gr?_fenroda",50.747635,10.810775,1872-03-22,374
"DEU, Gotha",50.946919,10.709288,"DEU, Gr?_fenroda",50.747635,10.810775,1881-02-18,379
"DEU, Gotha",50.946919,10.709288,"DEU, Gr?_fenroda",50.747635,10.810775,1881-02-26,487
"FRA, Versailles",48.801408,2.130122,"DEU, Gr?_fenroda",50.747635,10.810775,1881-08-26,497
"FRA, Fort de Noisy",48.833953,2.560984,"DEU, Gr?_fenroda",50.747635,10.810775,1882-03-12,398
"USA, Detroit (MI)",42.331427,-83.045754,"DEU, Suhl",50.607685,10.688126,1865-06-03,338
"USA, Detroit (MI)",42.331427,-83.045754,"DEU, Gr?_fenroda",50.747635,10.810775,1881-04-09,495
"USA, Detroit (MI)",42.331427,-83.045754,"DEU, Gr?_fenroda",50.747635,10.810775,1890-11-05,504
"USA, Detroit (MI)",42.331427,-83.045754,"DEU, Gr?_fenroda",50.747635,10.810775,1868-02-06,362
"USA, Detroit (MI)",42.331427,-83.045754,"DEU, Gr?_fenroda",50.747635,10.810775,1880-01-27,482
"USA, Detroit (MI)",42.331427,-83.045754,"DEU, Gr?_fenroda",50.747635,10.810775,1868-04-29,389
"USA, Detroit (MI)",42.331427,-83.045754,"DEU, Gr?_fenroda",50.747635,10.810775,1869-01-08,465
"USA, Detroit (MI)",42.331427,-83.045754,"DEU, Gr?_fenroda",50.747635,10.810775,1874-08-28,339
"USA, Detroit (MI)",42.331427,-83.045754,"DEU, Gr?_fenroda",50.747635,10.810775,1880-01-28,456
"USA, Detroit (MI)",42.331427,-83.045754,"DEU, Gr?_fenroda",50.747635,10.810775,1865-10-18,466
"USA, Detroit (MI)",42.331427,-83.045754,"DEU, Gr?_fenroda",50.747635,10.810775,1868-02-05,593
"USA, Detroit (MI)",42.331427,-83.045754,"DEU, Gr?_fenroda",50.747635,10.810775,1868-02-21,377
"USA, Detroit (MI)",42.331427,-83.045754,"DEU, Gr?_fenroda",50.747635,10.810775,1868-08-26,484
"USA, Detroit (MI)",42.331427,-83.045754,"DEU, Gr?_fenroda",50.747635,10.810775,1869-01-08,476
"USA, Detroit (MI)",42.331427,-83.045754,"DEU, Gr?_fenroda",50.747635,10.810775,1871-05-22,453
"USA, Detroit (MI)",42.331427,-83.045754,"DEU, Gr?_fenroda",50.747635,10.810775,1875-03-06,532
"USA, Detroit (MI)",42.331427,-83.045754,"DEU, Gr?_fenroda",50.747635,10.810775,1878-03-24,453
"USA, Detroit (MI)",42.331427,-83.045754,"DEU, Gr?_fenroda",50.747635,10.810775,1879-10-05,330
"USA, Detroit (MI)",42.331427,-83.045754,"DEU, Gr?_fenroda",50.747635,10.810775,1879-12-31,349
"USA, Detroit (MI)",42.331427,-83.045754,"DEU, Gr?_fenroda",50.747635,10.810775,1885-07-07,324
"USA, Detroit (MI)",42.331427,-83.045754,"DEU, Gr?_fenroda",50.747635,10.810775,1885-09-02,340
"USA, Detroit (MI)",42.331427,-83.045754,"DEU, Gr?_fenroda",50.747635,10.810775,1886-12-05,434
"USA, Detroit (MI)",42.331427,-83.045754,"DEU, Gr?_fenroda",50.747635,10.810775,1887-06-08,375
"USA, Detroit (MI)",42.331427,-83.045754,"DEU, Gr?_fenroda",50.747635,10.810775,1887-10-13,478
"USA, Detroit (MI)",42.331427,-83.045754,"DEU, Gr?_fenroda",50.747635,10.810775,1889-02-20,268
"USA, Detroit (MI)",42.331427,-83.045754,"DEU, Gr?_fenroda",50.747635,10.810775,1894-10-08,496
"USA, Detroit (MI)",42.331427,-83.045754,"DEU, Gr?_fenroda",50.747635,10.810775,1869-07-22,377
"USA, Detroit (MI)",42.331427,-83.045754,"DEU, Gr?_fenroda",50.747635,10.810775,1870-04-06,509
"USA, Detroit (MI)",42.331427,-83.045754,"DEU, Gr?_fenroda",50.747635,10.810775,1870-10-28,381
"USA, Detroit (MI)",42.331427,-83.045754,"DEU, Gr?_fenroda",50.747635,10.810775,1872-10-09,499
"USA, Detroit (MI)",42.331427,-83.045754,"DEU, Gr?_fenroda",50.747635,10.810775,1873-07-07,322
"USA, Detroit (MI)",42.331427,-83.045754,"DEU, Gr?_fenroda",50.747635,10.810775,1875-03-29,343
"USA, Detroit (MI)",42.331427,-83.045754,"DEU, Gr?_fenroda",50.747635,10.810775,1875-09-22,268
"USA, Detroit (MI)",42.331427,-83.045754,"DEU, Gr?_fenroda",50.747635,10.810775,1877-03-31,426
"USA, Detroit (MI)",42.331427,-83.045754,"DEU, Gr?_fenroda",50.747635,10.810775,1877-10-28,357
"USA, Detroit (MI)",42.331427,-83.045754,"DEU, Gr?_fenroda",50.747635,10.810775,1878-08-14,438
"USA, Detroit (MI)",42.331427,-83.045754,"DEU, Gr?_fenroda",50.747635,10.810775,1880-07-26,485
"USA, Detroit (MI)",42.331427,-83.045754,"DEU, Gr?_fenroda",50.747635,10.810775,1880-11-24,442
"USA, Detroit (MI)",42.331427,-83.045754,"DEU, Gr?_fenroda",50.747635,10.810775,1863-05-02,306
"USA, Detroit (MI)",42.331427,-83.045754,"DEU, Gr?_fenroda",50.747635,10.810775,1864-08-03,388
"USA, Detroit (MI)",42.331427,-83.045754,"DEU, Gr?_fenroda",50.747635,10.810775,1870-10-02,550
"USA, Monroe (MI)",41.916434,-83.39771,"DEU, Nienhagen (Mecklenburg)",54.161424,11.953062,1895-11-21,360
"USA, Tonawanda (NY)",43.020335,-78.880315,"DEU, Nienhagen (Mecklenburg)",54.161424,11.953062,1893-10-20,522
"USA, Tonawanda (NY)",43.020335,-78.880315,"DEU, Nienhagen (Mecklenburg)",54.161424,11.953062,1898-07-31,401
"USA, Tonawanda (NY)",43.020335,-78.880315,"DEU, Nienhagen (Mecklenburg)",54.161424,11.953062,1902-08-06,274
"USA, Tonawanda (NY)",43.020335,-78.880315,"DEU, Nienhagen (Mecklenburg)",54.161424,11.953062,1910-01-16,227
"USA, Tonawanda (NY)",43.020335,-78.880315,"DEU, Nienhagen (Mecklenburg)",54.161424,11.953062,1916-09-29,466
"USA, Tonawanda (NY)",43.020335,-78.880315,"DEU, Nienhagen (Mecklenburg)",54.161424,11.953062,1893-10-20,409
"USA, Tonawanda (NY)",43.020335,-78.880315,"DEU, Nienhagen (Mecklenburg)",54.161424,11.953062,1910-01-16,363
"USA, Tonawanda (NY)",43.020335,-78.880315,"DEU, Nienhagen (Mecklenburg)",54.161424,11.953062,1916-09-29,319
"USA, Tonawanda (NY)",43.020335,-78.880315,"DEU, Nienhagen (Mecklenburg)",54.161424,11.953062,1914-08-24,510
"USA, Tonawanda (NY)",43.020335,-78.880315,"DEU, Nienhagen (Mecklenburg)",54.161424,11.953062,1903-03-17,320
"USA, Tonawanda (NY)",43.020335,-78.880315,"DEU, Nienhagen (Mecklenburg)",54.161424,11.953062,1904-10-24,392
"USA, St. Louis (MO)",38.627003,-90.199404,"DEU, Heilbronn",49.142693,9.210879,1857-09-15,336
"USA, Cincinnati (OH)",39.103118,-84.51202,"DEU, Heilbronn",49.142693,9.210879,1847-06-15,329
"USA, Warschau (IN)",41.2381,-85.853047,"DEU, Stuttgart",48.775846,9.182932,1848-12-22,405
"USA, Oak Grove (WI)",43.386106,-88.74566,"DEU, Neubrunn (TH)",50.49939,10.468045,1865-01-25,283
"USA, Oak Grove (WI)",43.386106,-88.74566,"DEU, Neubrunn (TH)",50.49939,10.468045,1865-10-17,363
"USA, Oak Grove (WI)",43.386106,-88.74566,"DEU, Neubrunn (TH)",50.49939,10.468045,1866-08-15,457
"USA, Oak Grove (WI)",43.386106,-88.74566,"DEU, Neubrunn (TH)",50.49939,10.468045,1867-10-17,401
"USA, Oak Grove (WI)",43.386106,-88.74566,"DEU, Neubrunn (TH)",50.49939,10.468045,1868-01-11,482
"USA, Oak Grove (WI)",43.386106,-88.74566,"DEU, Neubrunn (TH)",50.49939,10.468045,1869-01-12,403
"USA, Edwardsville (IL)",38.811436,-89.953157,"DEU, Neubrunn (TH)",50.49939,10.468045,1872-11-12,424
"USA, Edwardsville (IL)",38.811436,-89.953157,"DEU, Neubrunn (TH)",50.49939,10.468045,1873-08-21,280
"USA, Edwardsville (IL)",38.811436,-89.953157,"DEU, Neubrunn (TH)",50.49939,10.468045,1874-08-13,497
"USA, Edwardsville (IL)",38.811436,-89.953157,"DEU, Neubrunn (TH)",50.49939,10.468045,1875-05-16,378
"USA, Edwardsville (IL)",38.811436,-89.953157,"DEU, Neubrunn (TH)",50.49939,10.468045,1876-10-18,413
"USA, Edwardsville (IL)",38.811436,-89.953157,"DEU, Neubrunn (TH)",50.49939,10.468045,1879-07-30,342
"USA, Edwardsville (IL)",38.811436,-89.953157,"DEU, Neubrunn (TH)",50.49939,10.468045,1881-09-09,441
"USA, New York (NY)",40.712784,-74.005941000000007,"DEU, Limbach (SA)",50.584022,12.252519,1884-08-10,381
"USA, Williamsburg (NY)",40.708116,-73.95707,"DEU, Limbach (SA)",50.584022,12.252519,1885-01-10,515
"USA, Williamsburg (NY)",40.708116,-73.95707,"DEU, Limbach (SA)",50.584022,12.252519,1885-04-01,72
"USA, Brooklyn (NY)",40.678178,-73.944158,"DEU, Limbach (SA)",50.584022,12.252519,1885-07-01,372
"USA, Brooklyn (NY)",40.678178,-73.944158,"DEU, Limbach (SA)",50.584022,12.252519,1885-11-14,255
"USA, San Francisco (CA)",37.77493,-122.419416,"DEU, Limbach (SA)",50.584022,12.252519,1886-04-12,286
"USA, San Francisco (CA)",37.77493,-122.419416,"DEU, Limbach (SA)",50.584022,12.252519,1887-08-19,453
"USA, San Francisco (CA)",37.77493,-122.419416,"DEU, Limbach (SA)",50.584022,12.252519,1887-10-10,390
"USA, San Francisco (CA)",37.77493,-122.419416,"DEU, Limbach (SA)",50.584022,12.252519,1891-12-09,298
"USA, San Francisco (CA)",37.77493,-122.419416,"DEU, Limbach (SA)",50.584022,12.252519,1892-05-11,467
"USA, San Francisco (CA)",37.77493,-122.419416,"DEU, Limbach (SA)",50.584022,12.252519,1887-10-10,471
"CHE,  Amrisweil",47.544972,9.300241,"DEU, Limbach (SA)",50.584022,12.252519,1902-07-09,283
"USA, Brooklyn (NY)",40.678178,-73.944158,"DEU, Limbach (SA)",50.584022,12.252519,1877-03-14,351
"USA, Union Hill (NY)",43.222841,-77.371658,"DEU, Limbach (SA)",50.584022,12.252519,1877-08-14,408
"USA, New York (NY)",40.712784,-74.005941000000007,"DEU, Limbach (SA)",50.584022,12.252519,1880-02-04,492
"USA, New York (NY)",40.712784,-74.005941000000007,"DEU, Limbach (SA)",50.584022,12.252519,1880-08-19,347
"USA, New York (NY)",40.712784,-74.005941000000007,"DEU, Limbach (SA)",50.584022,12.252519,1880-12-05,462
"USA, New York (NY)",40.712784,-74.005941000000007,"DEU, Limbach (SA)",50.584022,12.252519,1881-05-11,500
"USA, New York (NY)",40.712784,-74.005941000000007,"DEU, Limbach (SA)",50.584022,12.252519,1881-08-03,414
"USA, New York (NY)",40.712784,-74.005941000000007,"DEU, Limbach (SA)",50.584022,12.252519,1882-02-08,426
"USA, New York (NY)",40.712784,-74.005941000000007,"DEU, Limbach (SA)",50.584022,12.252519,1882-04-12,407
"USA, New York (NY)",40.712784,-74.005941000000007,"DEU, Limbach (SA)",50.584022,12.252519,1882-08-09,337
"USA, New York (NY)",40.712784,-74.005941000000007,"DEU, Limbach (SA)",50.584022,12.252519,1882-12-05,444
"USA, New York (NY)",40.712784,-74.005941000000007,"DEU, Limbach (SA)",50.584022,12.252519,1883-02-10,366
"USA, New York (NY)",40.712784,-74.005941000000007,"DEU, Limbach (SA)",50.584022,12.252519,1883-04-18,397
"USA, New York (NY)",40.712784,-74.005941000000007,"DEU, Limbach (SA)",50.584022,12.252519,1883-04-18,481
"USA, New York (NY)",40.712784,-74.005941000000007,"DEU, Limbach (SA)",50.584022,12.252519,1883-04-18,511
"USA, New York (NY)",40.712784,-74.005941000000007,"DEU, Limbach (SA)",50.584022,12.252519,1883-07-25,357
"USA, New York (NY)",40.712784,-74.005941000000007,"DEU, Limbach (SA)",50.584022,12.252519,1883-09-28,339
"USA, New York (NY)",40.712784,-74.005941000000007,"DEU, Limbach (SA)",50.584022,12.252519,1883-10-21,297
"USA, New York (NY)",40.712784,-74.005941000000007,"DEU, Limbach (SA)",50.584022,12.252519,1884-04-26,434
"USA, New York (NY)",40.712784,-74.005941000000007,"DEU, Limbach (SA)",50.584022,12.252519,1884-06-21,507
"USA, New York (NY)",40.712784,-74.005941000000007,"DEU, Limbach (SA)",50.584022,12.252519,1884-08-10,359
"USA, Williamsburg (NY)",40.708116,-73.95707,"DEU, Limbach (SA)",50.584022,12.252519,1885-01-10,393
"USA, Brooklyn (NY)",40.678178,-73.944158,"DEU, Limbach (SA)",50.584022,12.252519,1885-07-01,607
"USA, Brooklyn (NY)",40.678178,-73.944158,"DEU, Limbach (SA)",50.584022,12.252519,1885-11-14,375
"USA, San Francisco (CA)",37.77493,-122.419416,"DEU, Limbach (SA)",50.584022,12.252519,1886-04-12,331
"USA, San Francisco (CA)",37.77493,-122.419416,"DEU, Limbach (SA)",50.584022,12.252519,1887-08-19,549
"USA, San Francisco (CA)",37.77493,-122.419416,"DEU, Limbach (SA)",50.584022,12.252519,1890-12-01,340
"USA, San Francisco (CA)",37.77493,-122.419416,"DEU, Limbach (SA)",50.584022,12.252519,1891-02-11,415
"USA, San Francisco (CA)",37.77493,-122.419416,"DEU, Limbach (SA)",50.584022,12.252519,1891-09-11,398
"USA, San Francisco (CA)",37.77493,-122.419416,"DEU, Limbach (SA)",50.584022,12.252519,1891-12-09,411
"USA, San Francisco (CA)",37.77493,-122.419416,"DEU, Limbach (SA)",50.584022,12.252519,1892-05-11,300
"USA, San Francisco (CA)",37.77493,-122.419416,"DEU, Limbach (SA)",50.584022,12.252519,1892-11-17,569
"USA, San Francisco (CA)",37.77493,-122.419416,"DEU, Limbach (SA)",50.584022,12.252519,1894-06-14,407
"USA, San Francisco (CA)",37.77493,-122.419416,"DEU, Limbach (SA)",50.584022,12.252519,1897-11-17,391
"USA, San Francisco (CA)",37.77493,-122.419416,"DEU, Limbach (SA)",50.584022,12.252519,1914-08-11,375
"CHE,  Amrisweil",47.544972,9.300241,"DEU, Limbach (SA)",50.584022,12.252519,1902-05-14,407
"CHE,  Amrisweil",47.544972,9.300241,"DEU, Limbach (SA)",50.584022,12.252519,1903-02-18,318
"CHE,  Amrisweil",47.544972,9.300241,"DEU, Limbach (SA)",50.584022,12.252519,1925-07-01,421
"USA, Sonoma (CA)",38.291859,-122.458036,"DEU, Limbach (SA)",50.584022,12.252519,1923-07-22,452
"USA, Sonoma (CA)",38.291859,-122.458036,"DEU, Limbach (SA)",50.584022,12.252519,1924-12-25,309
"USA, Sonoma (CA)",38.291859,-122.458036,"DEU, Limbach (SA)",50.584022,12.252519,1925-07-18,433
"USA, Richland County (OH)",40.756672,-82.518584,"DEU, Osnabr?_ck",52.279911,8.047179,1856-11-23,535
"USA, New Orleans (LA)",29.951066,-90.071532,"DEU, Osnabr?_ck",52.279911,8.047179,1854-12-20,443
"USA, Richland County (OH)",40.756672,-82.518584,"DEU, Osnabr?_ck",52.279911,8.047179,1846-07-22,432
"USA, Dayton (OH)",39.758948,-84.191607,"DEU, Osnabr?_ck",52.279911,8.047179,1856-10-30,339
"DEU, Oberwei??bach (TH)",50.581574,11.142585,"USA, Brooklyn (NY)",40.678178,-73.944158,1909-03-02,413
"USA, Brooklyn (NY)",40.678178,-73.944158,"DEU, Oberwei??bach (TH)",50.581574,11.142585,1914-01-17,616
"USA, Brooklyn (NY)",40.678178,-73.944158,"DEU, Oberwei??bach (TH)",50.581574,11.142585,1898-03-24,387
"USA, Brooklyn (NY)",40.678178,-73.944158,"DEU, Oberwei??bach (TH)",50.581574,11.142585,1898-07-29,403
"USA, Brooklyn (NY)",40.678178,-73.944158,"DEU, Oberwei??bach (TH)",50.581574,11.142585,1912-08-08,380
"USA, Brooklyn (NY)",40.678178,-73.944158,"DEU, Oberwei??bach (TH)",50.581574,11.142585,1930-07-22,549
"USA, Brooklyn (NY)",40.678178,-73.944158,"DEU, Oberwei??bach (TH)",50.581574,11.142585,1904-12-26,414
"USA, Brooklyn (NY)",40.678178,-73.944158,"DEU, Oberwei??bach (TH)",50.581574,11.142585,1913-03-29,330
"USA, Brooklyn (NY)",40.678178,-73.944158,"DEU, Oberwei??bach (TH)",50.581574,11.142585,1913-04-30,426
"USA, Brooklyn (NY)",40.678178,-73.944158,"DEU, Oberwei??bach (TH)",50.581574,11.142585,1913-07-25,276
"USA, Brooklyn (NY)",40.678178,-73.944158,"DEU, Oberwei??bach (TH)",50.581574,11.142585,1914-01-17,452
"USA, Brooklyn (NY)",40.678178,-73.944158,"DEU, Oberwei??bach (TH)",50.581574,11.142585,1917-06-21,439
"USA, Brooklyn (NY)",40.678178,-73.944158,"DEU, Oberwei??bach (TH)",50.581574,11.142585,1917-11-20,512
"USA, Brooklyn (NY)",40.678178,-73.944158,"DEU, Oberwei??bach (TH)",50.581574,11.142585,1926-04-22,405
"USA, Brooklyn (NY)",40.678178,-73.944158,"DEU, Oberwei??bach (TH)",50.581574,11.142585,1926-05-29,238
"USA, Brooklyn (NY)",40.678178,-73.944158,"DEU, Oberwei??bach (TH)",50.581574,11.142585,1926-11-26,296
"USA, Brooklyn (NY)",40.678178,-73.944158,"DEU, Oberwei??bach (TH)",50.581574,11.142585,1900-09-17,365
"USA, Brooklyn (NY)",40.678178,-73.944158,"DEU, Oberwei??bach (TH)",50.581574,11.142585,1900-09-27,440
"USA, Brooklyn (NY)",40.678178,-73.944158,"DEU, Oberwei??bach (TH)",50.581574,11.142585,1902-02-03,552
"USA, Brooklyn (NY)",40.678178,-73.944158,"DEU, Oberwei??bach (TH)",50.581574,11.142585,1902-08-03,449
"USA, Brooklyn (NY)",40.678178,-73.944158,"DEU, Oberwei??bach (TH)",50.581574,11.142585,1903-07-07,521
"USA, Brooklyn (NY)",40.678178,-73.944158,"DEU, Oberwei??bach (TH)",50.581574,11.142585,1905-11-19,407
"USA, Brooklyn (NY)",40.678178,-73.944158,"DEU, Oberwei??bach (TH)",50.581574,11.142585,1906-09-30,408
"USA, Brooklyn (NY)",40.678178,-73.944158,"DEU, Oberwei??bach (TH)",50.581574,11.142585,1907-01-07,459
"USA, Brooklyn (NY)",40.678178,-73.944158,"DEU, Oberwei??bach (TH)",50.581574,11.142585,1907-05-07,391
"USA, Brooklyn (NY)",40.678178,-73.944158,"DEU, Oberwei??bach (TH)",50.581574,11.142585,1908-02-10,332
"USA, Brooklyn (NY)",40.678178,-73.944158,"DEU, Oberwei??bach (TH)",50.581574,11.142585,1908-04-17,434
"USA, Brooklyn (NY)",40.678178,-73.944158,"DEU, Oberwei??bach (TH)",50.581574,11.142585,1908-08-05,364
"USA, Brooklyn (NY)",40.678178,-73.944158,"DEU, Oberwei??bach (TH)",50.581574,11.142585,1908-11-09,545
"USA, Brooklyn (NY)",40.678178,-73.944158,"DEU, Oberwei??bach (TH)",50.581574,11.142585,1909-05-19,331
"USA, Brooklyn (NY)",40.678178,-73.944158,"DEU, Oberwei??bach (TH)",50.581574,11.142585,1909-12-23,389
"USA, Brooklyn (NY)",40.678178,-73.944158,"DEU, Oberwei??bach (TH)",50.581574,11.142585,1913-05-28,510
"USA, Brooklyn (NY)",40.678178,-73.944158,"DEU, Oberwei??bach (TH)",50.581574,11.142585,1913-06-27,391
"USA, Brooklyn (NY)",40.678178,-73.944158,"DEU, Oberwei??bach (TH)",50.581574,11.142585,1913-08-25,338
"USA, Brooklyn (NY)",40.678178,-73.944158,"DEU, Oberwei??bach (TH)",50.581574,11.142585,1916-06-21,237
"USA, Brooklyn (NY)",40.678178,-73.944158,"DEU, Oberwei??bach (TH)",50.581574,11.142585,1927-03-09,391
"USA, Brooklyn (NY)",40.678178,-73.944158,"DEU, Oberwei??bach (TH)",50.581574,11.142585,1917-03-20,429
"USA, Brooklyn (NY)",40.678178,-73.944158,"DEU, Oberwei??bach (TH)",50.581574,11.142585,1917-12-28,392
"USA, Brooklyn (NY)",40.678178,-73.944158,"DEU, Oberwei??bach (TH)",50.581574,11.142585,1925-07-13,234
"USA, Brooklyn (NY)",40.678178,-73.944158,"DEU, Oberwei??bach (TH)",50.581574,11.142585,1926-05-16,585
"USA, Brooklyn (NY)",40.678178,-73.944158,"DEU, Oberwei??bach (TH)",50.581574,11.142585,1926-07-13,443
"USA, Brooklyn (NY)",40.678178,-73.944158,"DEU, Oberwei??bach (TH)",50.581574,11.142585,1926-09-29,456
"USA, Brooklyn (NY)",40.678178,-73.944158,"DEU, Oberwei??bach (TH)",50.581574,11.142585,1930-01-25,349
"USA, Brooklyn (NY)",40.678178,-73.944158,"DEU, Oberwei??bach (TH)",50.581574,11.142585,1930-01-31,427
"USA, Waterloo (WI)",43.183884,-88.988442,"DEU, Roda (TH)",50.93123,11.016121,1865-05-03,348
"USA, Waterloo (WI)",43.183884,-88.988442,"DEU, Roda (TH)",50.93123,11.016121,1865-12-27,478
"USA, Amherst, Portage Co. (WI)",44.450808,-89.284836,"DEU, Roda (TH)",50.93123,11.016121,1866-03-31,322
"USA, Amherst, Portage Co. (WI)",44.450808,-89.284836,"DEU, Roda (TH)",50.93123,11.016121,1870-08-26,406
"USA, Amherst, Portage Co. (WI)",44.450808,-89.284836,"DEU, Roda (TH)",50.93123,11.016121,1871-10-04,479
"USA, Amherst, Portage Co. (WI)",44.450808,-89.284836,"DEU, Roda (TH)",50.93123,11.016121,1872-08-14,244
"USA, Amherst, Portage Co. (WI)",44.450808,-89.284836,"DEU, Roda (TH)",50.93123,11.016121,1872-12-25,420
"USA, Amherst, Portage Co. (WI)",44.450808,-89.284836,"DEU, Roda (TH)",50.93123,11.016121,1873-07-07,454
"USA, Amherst, Portage Co. (WI)",44.450808,-89.284836,"DEU, Roda (TH)",50.93123,11.016121,1874-03-21,618
"USA, Amherst, Portage Co. (WI)",44.450808,-89.284836,"DEU, Roda (TH)",50.93123,11.016121,1875-05-26,382
"USA, Amherst, Portage Co. (WI)",44.450808,-89.284836,"DEU, Roda (TH)",50.93123,11.016121,1877-09-25,574
"USA, Amherst, Portage Co. (WI)",44.450808,-89.284836,"DEU, Roda (TH)",50.93123,11.016121,1877-11-15,376
"USA, Amherst, Portage Co. (WI)",44.450808,-89.284836,"DEU, Roda (TH)",50.93123,11.016121,1878-04-17,418
"USA, Amherst, Portage Co. (WI)",44.450808,-89.284836,"DEU, Roda (TH)",50.93123,11.016121,1878-08-21,422
"USA, Amherst, Portage Co. (WI)",44.450808,-89.284836,"DEU, Roda (TH)",50.93123,11.016121,1879-04-30,382
"USA, Amherst, Portage Co. (WI)",44.450808,-89.284836,"DEU, Roda (TH)",50.93123,11.016121,1883-05-02,332
"USA, Amherst, Portage Co. (WI)",44.450808,-89.284836,"DEU, Roda (TH)",50.93123,11.016121,1885-08-06,582
"USA, Amherst, Portage Co. (WI)",44.450808,-89.284836,"DEU, Roda (TH)",50.93123,11.016121,1885-12-05,397
"USA, Chicago (IL)",41.878114,-87.629798,"USA, Kansas / Cincinati",38.090335,-96.889238,1884-06-19,374
"USA, Minneapolis (MN) (MN)",44.977753,-93.265011,"DEU, Apolda (TH)",51.02601,11.51555,1912-12-22,452
"DEU, Gr?_fenthal (TH)",50.525772,11.310406,"USA, New York (NY)",40.712784,-74.005941000000007,1891-10-29,314
"DEU, Piesau (TH)",50.512949,11.21717,"USA, New York (NY)",40.712784,-74.005941000000007,1891-05-09,200
"DEU, Piesau (TH)",50.512949,11.21717,"USA, New York (NY)",40.712784,-74.005941000000007,1891-08-23,386
"USA, Austin (TX)",30.267153,-97.743061,"DEU, Piesau (TH)",50.512949,11.21717,1879-10-09,393
"USA, Austin (TX)",30.267153,-97.743061,"DEU, Piesau (TH)",50.512949,11.21717,1880-05-03,381
"USA, Austin (TX)",30.267153,-97.743061,"DEU, Piesau (TH)",50.512949,11.21717,1883-04-21,407
"USA, Austin (TX)",30.267153,-97.743061,"DEU, Piesau (TH)",50.512949,11.21717,1884-05-05,578
"USA, Austin (TX)",30.267153,-97.743061,"DEU, Piesau (TH)",50.512949,11.21717,1884-07-16,440
"USA, Austin (TX)",30.267153,-97.743061,"DEU, Piesau (TH)",50.512949,11.21717,1886-07-13,341
"USA, New York (NY)",40.712784,-74.005941000000007,"DEU, Piesau (TH)",50.512949,11.21717,1891-03-14,365
"USA, New York (NY)",40.712784,-74.005941000000007,"DEU, Piesau (TH)",50.512949,11.21717,1891-03-16,281
"USA, New York (NY)",40.712784,-74.005941000000007,"DEU, Piesau (TH)",50.512949,11.21717,1891-04-08,511
"USA, New York (NY)",40.712784,-74.005941000000007,"DEU, Piesau (TH)",50.512949,11.21717,1891-04-16,457
"USA, New York (NY)",40.712784,-74.005941000000007,"DEU, Piesau (TH)",50.512949,11.21717,1891-05-11,416
"USA, New York (NY)",40.712784,-74.005941000000007,"DEU, Piesau (TH)",50.512949,11.21717,1891-06-22,337
"USA, Brenham (TX)",30.166883,-96.397744,"DEU, Piesau (TH)",50.512949,11.21717,1891-07-08,425
"USA, Brenham (TX)",30.166883,-96.397744,"DEU, Piesau (TH)",50.512949,11.21717,1891-09-02,297
"USA, Brenham (TX)",30.166883,-96.397744,"DEU, Piesau (TH)",50.512949,11.21717,1891-09-17,454
"USA, Brenham (TX)",30.166883,-96.397744,"DEU, Piesau (TH)",50.512949,11.21717,1891-11-04,350
"USA, Brenham (TX)",30.166883,-96.397744,"DEU, Piesau (TH)",50.512949,11.21717,1891-11-11,387
"USA, Brenham (TX)",30.166883,-96.397744,"DEU, Piesau (TH)",50.512949,11.21717,1891-11-30,351
"USA, Brenham (TX)",30.166883,-96.397744,"DEU, Piesau (TH)",50.512949,11.21717,1891-12-19,341
"USA, Brenham (TX)",30.166883,-96.397744,"DEU, Piesau (TH)",50.512949,11.21717,1894-06-23,547
"AUS, Sydney",-33.867487,151.20699,"DEU, Leisnig (SA)",51.15772,12.928458,1907-02-06,482
"AUS, Melbourne",-37.814107,144.96328,"DEU, Leisnig (SA)",51.15772,12.928458,1904-04-16,355
"AUS, Melbourne",-37.814107,144.96328,"DEU, Leisnig (SA)",51.15772,12.928458,1907-01-24,431
"DEU, Hamburg",53.551085,9.993682,"DEU, Leisnig (SA)",51.15772,12.928458,1902-07-21,308
"BEL, Antwerpen",51.219448,4.402464,"DEU, Leisnig (SA)",51.15772,12.928458,1920-03-17,371
"DEU, Leipzig (SA)",51.410476,12.754026,"DEU, Leisnig (SA)",51.15772,12.928458,1892-02-11,432
"AUT, Wien",48.111788,16.320432,"DEU, Leisnig (SA)",51.15772,12.928458,1907-12-02,345
"BEL, Antwerpen",51.219448,4.402464,"DEU, Leisnig (SA)",51.15772,12.928458,1908-02-11,375
"AUS, Coolgardie",-30.954654,121.164896,"DEU, Leisnig (SA)",51.15772,12.928458,1908-08-22,446
"AUS, Golden Valley",-41.621177,146.70079,"DEU, Leisnig (SA)",51.15772,12.928458,1909-03-30,417
"AUS, Golden Valley",-41.621177,146.70079,"DEU, Leisnig (SA)",51.15772,12.928458,1909-04-26,304
"AUS, Golden Valley",-41.621177,146.70079,"DEU, Leisnig (SA)",51.15772,12.928458,1909-11-28,432
"AUS, Golden Valley",-41.621177,146.70079,"DEU, Leisnig (SA)",51.15772,12.928458,1910-08-30,313
"AUS, Golden Valley",-41.621177,146.70079,"DEU, Leisnig (SA)",51.15772,12.928458,1914-10-05,291
"AUS, Golden Valley",-41.621177,146.70079,"DEU, Leisnig (SA)",51.15772,12.928458,1915-11-30,467
"AUS, Boulder",-30.781984,121.488357,"DEU, Leisnig (SA)",51.15772,12.928458,1916-10-10,430
"AUS, Boulder",-30.781984,121.488357,"DEU, Leisnig (SA)",51.15772,12.928458,1916-12-31,432
"AUS, Moolyelle",-36.795424,140.936517,"DEU, Leisnig (SA)",51.15772,12.928458,1918-05-19,615
"AUS, Moolyelle",-36.795424,140.936517,"DEU, Leisnig (SA)",51.15772,12.928458,1918-12-17,343
"AUS, Waverly",-31.860216,151.08925,"DEU, Leisnig (SA)",51.15772,12.928458,1920-12-01,302
"AUS, Waverly",-31.860216,151.08925,"DEU, Leisnig (SA)",51.15772,12.928458,1921-04-24,497
"AUS, Waverly",-31.860216,151.08925,"DEU, Leisnig (SA)",51.15772,12.928458,1921-05-30,243
"AUS, Ora Banda",-30.375476,121.061734,"DEU, Leisnig (SA)",51.15772,12.928458,1924-02-10,492
"AUS, Kunanalling",-30.722529,121.452692,"DEU, Leisnig (SA)",51.15772,12.928458,1924-11-29,442
"USA, Walhalla (ND)",48.923328,-97.918148,"DEU, Wismar",53.897942,11.451602,1897-09-10,503
"USA, Walhalla (ND)",48.923328,-97.918148,"DEU, Wismar",53.897942,11.451602,1900-09-10,382
"USA, Walhalla (ND)",48.923328,-97.918148,"DEU, Wismar",53.897942,11.451602,1900-09-18,445
"USA, Walhalla (ND)",48.923328,-97.918148,"DEU, Wismar",53.897942,11.451602,1905-07-19,396
"USA, Walhalla (ND)",48.923328,-97.918148,"DEU, Wismar",53.897942,11.451602,1931-10-24,420
"USA, Walhalla (ND)",48.923328,-97.918148,"DEU, Wismar",53.897942,11.451602,1932-02-12,338
"USA, Walhalla (ND)",48.923328,-97.918148,"DEU, Wismar",53.897942,11.451602,1932-04-26,334
"BEL, Antwerpen (Schiff Sorrento)",51.219448,4.402464,"DEU, Wismar",53.897942,11.451602,1892-07-28,398
"GBR, London (Schiff Sorrento)",51.507351,-0.127758,"DEU, Wismar",53.897942,11.451602,1892-08-01,514
"EGY, London (Schiff Sorrento)",31.523585,34.610263,"DEU, Wismar",53.897942,11.451602,1892-08-07,603
"EGY, London (Schiff Sorrento)",31.523585,34.610263,"DEU, Wismar",53.897942,11.451602,1892-08-23,495
"GBR, London (Schiff Sorrento)",51.507351,-0.127758,"DEU, Wismar",53.897942,11.451602,1892-09-01,265
"AUS, Sydney",-33.867487,151.20699,"DEU, Wismar",53.897942,11.451602,1893-05-17,158
"AUS, Sydney",-33.867487,151.20699,"DEU, Wismar",53.897942,11.451602,1895-06-23,334
"AUS, Yougilbar",-30.906935,153.039257,"DEU, Wismar",53.897942,11.451602,1896-02-03,363
"AUS, Lionsville",-29.192004,152.504916,"DEU, Wismar",53.897942,11.451602,1896-03-24,539
"AUS, Lionsville",-29.192004,152.504916,"DEU, Wismar",53.897942,11.451602,1898-04-12,381
"AUS, Lionsville",-29.192004,152.504916,"DEU, Wismar",53.897942,11.451602,1900-03-31,401
"USA, Cavalier (ND)",48.793881,-97.62231,"DEU, Leipzig",51.339696000000004,12.373075,1947-11-06,509
"USA, Walhalla (ND)",48.923328,-97.918148,"DEU, Leipzig",51.339696000000004,12.373075,1958-11-13,358
"USA, Cavalier (ND)",48.793881,-97.62231,"DEU, Leipzig",51.339696000000004,12.373075,1934-04-14,450
"USA, Cavalier (ND)",48.793881,-97.62231,"DEU, Leipzig",51.339696000000004,12.373075,1934-07-18,401
"USA, New York (NY)",40.712784,-74.005941000000007,"GDR, Zwickau",50.710217,12.473372,1949-09-06,404
"USA, Chicago (IL)",41.878114,-87.629798,"GDR, Zwickau",50.710217,12.473372,1950-04-02,416
"USA, Oliverea (NY)",42.065369,-74.460152,"USA, New York (NY)",40.712784,-74.005941000000007,1967-11-11,449
"USA, New York (NY)",40.712784,-74.005941000000007,"GDR, Zwickau",50.710217,12.473372,1968-01-03,345
"USA, New York (NY)",40.712784,-74.005941000000007,"GDR, Zwickau",50.710217,12.473372,1971-07-23,324
"USA, New York (NY)",40.712784,-74.005941000000007,"GDR, Zwickau",50.710217,12.473372,1971-08-01,419
"USA, New York (NY)",40.712784,-74.005941000000007,"GDR, Zwickau",50.710217,12.473372,1971-08-27,460
"USA, New York (NY)",40.712784,-74.005941000000007,"GDR, Zwickau",50.710217,12.473372,1974-09-21,284
"DEU, Bremen",53.079296,8.801694,"GDR, Zwickau",50.710217,12.473372,1975-02-27,374
"DEU, Bremen",53.079296,8.801694,"GDR, Zwickau",50.710217,12.473372,1975-03-02,367
"USA, New York (NY)",40.712784,-74.005941000000007,"GDR, Zwickau",50.710217,12.473372,1975-03-07,348
"USA, New York (NY)",40.712784,-74.005941000000007,"GDR, Zwickau",50.710217,12.473372,1975-03-13,385
"DEU, Bremen",53.079296,8.801694,"GDR, Zwickau",50.710217,12.473372,1975-03-14,319
"USA, New York (NY)",40.712784,-74.005941000000007,"GDR, Zwickau",50.710217,12.473372,1975-05-04,479
"USA, New York (NY)",40.712784,-74.005941000000007,"GDR, Zwickau",50.710217,12.473372,1975-05-16,379
"USA, New York (NY)",40.712784,-74.005941000000007,"GDR, Zwickau",50.710217,12.473372,1975-05-17,496
"USA, New York (NY)",40.712784,-74.005941000000007,"GDR, Zwickau",50.710217,12.473372,1975-05-27,428
"USA, New York (NY)",40.712784,-74.005941000000007,"GDR, Zwickau",50.710217,12.473372,1975-06-15,448
"USA, New York (NY)",40.712784,-74.005941000000007,"GDR, Zwickau",50.710217,12.473372,1975-06-24,446
"USA, New York (NY)",40.712784,-74.005941000000007,"GDR, Zwickau",50.710217,12.473372,1975-07-12,529
"USA, New York (NY)",40.712784,-74.005941000000007,"GDR, Zwickau",50.710217,12.473372,1975-07-23,287
"USA, New York (NY)",40.712784,-74.005941000000007,"GDR, Zwickau",50.710217,12.473372,1975-08-16,361
"USA, New York (NY)",40.712784,-74.005941000000007,"GDR, Zwickau",50.710217,12.473372,1975-09-07,489
"USA, New York (NY)",40.712784,-74.005941000000007,"GDR, Zwickau",50.710217,12.473372,1975-09-27,400
"USA, New York (NY)",40.712784,-74.005941000000007,"GDR, Zwickau",50.710217,12.473372,1975-10-13,351
"USA, New York (NY)",40.712784,-74.005941000000007,"GDR, Zwickau",50.710217,12.473372,1975-10-19,406
"USA, New York (NY)",40.712784,-74.005941000000007,"GDR, Zwickau",50.710217,12.473372,1975-11-05,439
"USA, New York (NY)",40.712784,-74.005941000000007,"GDR, Zwickau",50.710217,12.473372,1976-04-16,280
"USA, New York (NY)",40.712784,-74.005941000000007,"GDR, Zwickau",50.710217,12.473372,1975-12-11,400
"USA, New York (NY)",40.712784,-74.005941000000007,"GDR, Zwickau",50.710217,12.473372,1976-01-05,404
"USA, New York (NY)",40.712784,-74.005941000000007,"GDR, Zwickau",50.710217,12.473372,1976-02-09,308
"USA, New York (NY)",40.712784,-74.005941000000007,"GDR, Zwickau",50.710217,12.473372,1976-02-28,426
"USA, New York (NY)",40.712784,-74.005941000000007,"GDR, Zwickau",50.710217,12.473372,1976-03-25,402
"USA, New York (NY)",40.712784,-74.005941000000007,"GDR, Zwickau",50.710217,12.473372,1976-04-09,423
"USA, New York (NY)",40.712784,-74.005941000000007,"GDR, Zwickau",50.710217,12.473372,1976-04-13,481
"USA, New York (NY)",40.712784,-74.005941000000007,"GDR, Zwickau",50.710217,12.473372,1976-04-21,460
"USA, New York (NY)",40.712784,-74.005941000000007,"GDR, Zwickau",50.710217,12.473372,1976-05-20,368
"USA, New York (NY)",40.712784,-74.005941000000007,"GDR, Zwickau",50.710217,12.473372,1976-05-31,289
"USA, New York (NY)",40.712784,-74.005941000000007,"GDR, Zwickau",50.710217,12.473372,1976-07-02,409
"USA, New York (NY)",40.712784,-74.005941000000007,"GDR, Zwickau",50.710217,12.473372,1976-07-09,386
"USA, New York (NY)",40.712784,-74.005941000000007,"GDR, Zwickau",50.710217,12.473372,1976-07-24,447
"USA, New York (NY)",40.712784,-74.005941000000007,"GDR, Zwickau",50.710217,12.473372,1976-08-08,560
"USA, New York (NY)",40.712784,-74.005941000000007,"GDR, Zwickau",50.710217,12.473372,1976-09-13,373
"USA, New York (NY)",40.712784,-74.005941000000007,"GDR, Zwickau",50.710217,12.473372,1976-10-03,582
"USA, New York (NY)",40.712784,-74.005941000000007,"GDR, Zwickau",50.710217,12.473372,1976-10-31,350
"USA, New York (NY)",40.712784,-74.005941000000007,"GDR, Zwickau",50.710217,12.473372,1976-11-25,478
"USA, New York (NY)",40.712784,-74.005941000000007,"GDR, Zwickau",50.710217,12.473372,1976-11-22,560
"USA, New York (NY)",40.712784,-74.005941000000007,"GDR, Zwickau",50.710217,12.473372,1976-11-25,457
"USA, New York (NY)",40.712784,-74.005941000000007,"GDR, Zwickau",50.710217,12.473372,1976-12-22,414
"USA, New York (NY)",40.712784,-74.005941000000007,"GDR, Zwickau",50.710217,12.473372,1976-12-30,362
"USA, New York (NY)",40.712784,-74.005941000000007,"GDR, Zwickau",50.710217,12.473372,1977-01-13,555
"USA, New York (NY)",40.712784,-74.005941000000007,"GDR, Zwickau",50.710217,12.473372,1977-02-03,473
"USA, New York (NY)",40.712784,-74.005941000000007,"GDR, Zwickau",50.710217,12.473372,1977-02-24,472
"USA, New York (NY)",40.712784,-74.005941000000007,"GDR, Zwickau",50.710217,12.473372,1977-03-11,340
"USA, New York (NY)",40.712784,-74.005941000000007,"GDR, Zwickau",50.710217,12.473372,1977-03-27,492
"USA, New York (NY)",40.712784,-74.005941000000007,"GDR, Zwickau",50.710217,12.473372,1977-08-30,318
"USA, New York (NY)",40.712784,-74.005941000000007,"GDR, Zwickau",50.710217,12.473372,1978-08-05,411
"USA, New York (NY)",40.712784,-74.005941000000007,"GDR, Zwickau",50.710217,12.473372,1978-09-09,242
"USA, New York (NY)",40.712784,-74.005941000000007,"GDR, Zwickau",50.710217,12.473372,1979-04-12,412
"USA, New York (NY)",40.712784,-74.005941000000007,"GDR, Zwickau",50.710217,12.473372,1979-05-09,396
"USA, New York (NY)",40.712784,-74.005941000000007,"GDR, Zwickau",50.710217,12.473372,1975-12-11,508
"USA, Yellowstone (WY)",44.427963,-110.588455,"GDR, Zwickau",50.710217,12.473372,1975-04-02,365
"USA, New York (NY)",40.712784,-74.005941000000007,"GDR, Zwickau",50.710217,12.473372,1958-06-25,446
"USA, New York (NY)",40.712784,-74.005941000000007,"GDR, Zwickau",50.710217,12.473372,1975-03-13,517
"USA, New York (NY)",40.712784,-74.005941000000007,"GDR, Zwickau",50.710217,12.473372,1975-05-27,370
"USA, New York (NY)",40.712784,-74.005941000000007,"GDR, Zwickau",50.710217,12.473372,1975-07-12,311
"USA, New York (NY)",40.712784,-74.005941000000007,"GDR, Zwickau",50.710217,12.473372,1975-09-07,384
"USA, New York (NY)",40.712784,-74.005941000000007,"GDR, Zwickau",50.710217,12.473372,1975-12-11,382
"USA, New York (NY)",40.712784,-74.005941000000007,"GDR, Zwickau",50.710217,12.473372,1976-04-12,439
"USA, New York (NY)",40.712784,-74.005941000000007,"GDR, Zwickau",50.710217,12.473372,1976-10-03,469
"USA, New York (NY)",40.712784,-74.005941000000007,"GDR, Zwickau",50.710217,12.473372,1977-01-13,457
"USA, New York (NY)",40.712784,-74.005941000000007,"GDR, Zwickau",50.710217,12.473372,1977-02-24,426
"USA, New York (NY)",40.712784,-74.005941000000007,"GDR, Zwickau",50.710217,12.473372,1977-06-12,344
"USA, Trenton (NJ)",40.217053,-74.742938,"DEU, M?_hlhausen (TH)",51.209865,10.4571,1862-09-28,476
"USA, Trenton (NJ)",40.217053,-74.742938,"DEU, M?_hlhausen (TH)",51.209865,10.4571,1863-08-20,403
"USA, Trenton (NJ)",40.217053,-74.742938,"DEU, M?_hlhausen (TH)",51.209865,10.4571,1867-06-10,332
"USA, Trenton (NJ)",40.217053,-74.742938,"DEU, M?_hlhausen (TH)",51.209865,10.4571,1870-11-09,352
"USA, Trenton (NJ)",40.217053,-74.742938,"DEU, M?_hlhausen (TH)",51.209865,10.4571,1871-09-13,365
"USA, Trenton (NJ)",40.217053,-74.742938,"DEU, M?_hlhausen (TH)",51.209865,10.4571,1872-05-22,381
"USA, Trenton (NJ)",40.217053,-74.742938,"DEU, M?_hlhausen (TH)",51.209865,10.4571,1872-12-15,399
"USA, Trenton (NJ)",40.217053,-74.742938,"DEU, M?_hlhausen (TH)",51.209865,10.4571,1878-12-14,381
"DEU, Erfurt (TH)",50.984768,11.02988,"DEU, M?_hlhausen (TH)",51.209865,10.4571,1851-11-17,322
"USA, Perry (OK)",36.289486,-97.288098,"DEU, Jena (TH)",50.927054,11.589237,1936-09-05,572
"USA, Shamrock (OK)",35.910069,-96.583905,"DEU, Jena (TH)",50.927054,11.589237,1936-10-15,401
"USA, Perry (OK)",36.289486,-97.288098,"DEU, Jena (TH)",50.927054,11.589237,1936-12-01,409
"USA, Midford (OK)",36.806973,-97.733664,"DEU, Jena (TH)",50.927054,11.589237,1937-01-09,306
"USA, Wellington (KS)",37.2653,-97.371712,"DEU, Jena (TH)",50.927054,11.589237,1937-05-03,355
"USA, Rochester (NY)",43.16103,-77.610922,"DEU, Jena (TH)",50.927054,11.589237,1957-12-21,331
"USA, Rochester (NY)",43.16103,-77.610922,"DEU, Jena (TH)",50.927054,11.589237,1958-04-17,562
"USA, Rochester (NY)",43.16103,-77.610922,"DEU, Jena (TH)",50.927054,11.589237,1938-12-10,439
"USA, Rochester (NY)",43.16103,-77.610922,"DEU, Jena (TH)",50.927054,11.589237,1939-01-06,481
"USA, Rochester (NY)",43.16103,-77.610922,"DEU, Jena (TH)",50.927054,11.589237,1939-03-22,249
"USA, Rochester (NY)",43.16103,-77.610922,"DEU, Jena (TH)",50.927054,11.589237,1939-06-28,393
"USA, Rochester (NY)",43.16103,-77.610922,"DEU, Jena (TH)",50.927054,11.589237,1939-11-13,404
"USA, Rochester (NY)",43.16103,-77.610922,"DEU, Jena (TH)",50.927054,11.589237,1941-01-30,400
"USA, Pittsburgh (PN)",40.440625,-79.995886,"DEU, Jena (TH)",50.927054,11.589237,1943-02-08,518
"USA, Pittsburgh (PN)",40.440625,-79.995886,"DEU, Jena (TH)",50.927054,11.589237,1943-06-19,538
"USA, Pittsburgh (PN)",40.440625,-79.995886,"DEU, Jena (TH)",50.927054,11.589237,1944-02-13,334
"USA, Pittsburgh (PN)",40.440625,-79.995886,"DEU, Jena (TH)",50.927054,11.589237,1945-01-05,388
"USA, Pittsburgh (PN)",40.440625,-79.995886,"DEU, Jena (TH)",50.927054,11.589237,1945-08-21,312
"USA, Pittsburgh (PN)",40.440625,-79.995886,"DEU, Jena (TH)",50.927054,11.589237,1948-06-30,451
"USA, Brownfield (TX)",33.181204,-102.274349,"DEU, Jena (TH)",50.927054,11.589237,1949-06-21,435
"USA, Plainview (TX)",34.184794,-101.706842,"DEU, Jena (TH)",50.927054,11.589237,1957-11-24,239
"USA, Plainview (TX)",34.184794,-101.706842,"DEU, Jena (TH)",50.927054,11.589237,1958-06-01,458
"USA, Lubbock (TX)",33.577863,-101.855166,"DEU, Jena (TH)",50.927054,11.589237,1958-07-17,315
"USA, Lubbock (TX)",33.577863,-101.855166,"DEU, Jena (TH)",50.927054,11.589237,1958-11-01,320
"USA, Sweetwater (TX)",32.470952,-100.405938,"DEU, Jena (TH)",50.927054,11.589237,1958-12-18,433
"USA, Sweetwater (TX)",32.470952,-100.405938,"DEU, Jena (TH)",50.927054,11.589237,1959-02-19,436
"USA, Lubbock (TX)",33.577863,-101.855166,"DEU, Jena (TH)",50.927054,11.589237,1959-04-30,372
"USA, Spur (TX)",33.476477,-100.855686,"DEU, Jena (TH)",50.927054,11.589237,1959-08-04,335
"USA, Haskell (TX)",33.157603,-99.733701,"DEU, Jena (TH)",50.927054,11.589237,1959-11-16,430
"USA, Lubbock (TX)",33.577863,-101.855166,"DEU, Jena (TH)",50.927054,11.589237,1960-01-23,464
"USA, Lamesa (TX)",32.7376,-101.950992,"DEU, Jena (TH)",50.927054,11.589237,1960-03-06,312
"USA, Lamesa (TX)",32.7376,-101.950992,"DEU, Jena (TH)",50.927054,11.589237,1960-05-18,271
"USA, Lamesa (TX)",32.7376,-101.950992,"DEU, Jena (TH)",50.927054,11.589237,1960-07-02,427
"USA, Rochester (NY)",43.16103,-77.610922,"DEU, Jena (TH)",50.927054,11.589237,1961-01-13,564
"USA, Lubbock (TX)",33.577863,-101.855166,"DEU, Jena (TH)",50.927054,11.589237,1961-05-24,371
"USA, Big Spring (TX)",32.250398,-101.478735,"DEU, Jena (TH)",50.927054,11.589237,1961-07-17,356
"USA, Haskell (TX)",33.157603,-99.733701,"DEU, Jena (TH)",50.927054,11.589237,1961-09-28,436
"USA, Seymour (TX)",33.594261,-99.260353,"DEU, Jena (TH)",50.927054,11.589237,1961-10-18,408
"USA, Seymour (TX)",33.594261,-99.260353,"DEU, Jena (TH)",50.927054,11.589237,1961-12-07,488
"USA, Guanah (TX)",34.297855,-99.740372,"DEU, Jena (TH)",50.927054,11.589237,1962-06-01,511
"USA, Lubbock (TX)",33.577863,-101.855166,"DEU, Jena (TH)",50.927054,11.589237,1962-10-14,401
"USA, Perryto (TX)",36.400031,-100.802651,"DEU, Jena (TH)",50.927054,11.589237,1964-05-14,492
"USA, Burlington (CO)",39.306108,-102.269356,"DEU, Jena (TH)",50.927054,11.589237,1965-03-06,456
"USA, Stratton (CO)",39.303328,-102.604645,"DEU, Jena (TH)",50.927054,11.589237,1965-08-02,445
"USA, Ozona (TX)",30.702225,-101.201382,"DEU, Jena (TH)",50.927054,11.589237,1969-06-05,218
"USA, Ozona (TX)",30.702225,-101.201382,"DEU, Jena (TH)",50.927054,11.589237,1969-08-08,346
"USA, Seminole (TX)",32.718993,-102.64491,"DEU, Jena (TH)",50.927054,11.589237,1976-08-27,414
"USA, Seminole (TX)",32.718993,-102.64491,"DEU, Jena (TH)",50.927054,11.589237,1978-04-29,376
"USA, Seminole (TX)",32.718993,-102.64491,"DEU, Jena (TH)",50.927054,11.589237,1978-10-07,534
"DEU, Jena (TH)",50.927054,11.589237,"USA, Texas (various places)",33.079122,-96.730983,1959-12-14,460
"DEU, Jena (TH)",50.927054,11.589237,"USA, Texas (various places)",33.079122,-96.730983,1960-01-19,383
"DEU, Jena (TH)",50.927054,11.589237,"USA, Texas (various places)",33.079122,-96.730983,1961-10-01,438
"DEU, Jena (TH)",50.927054,11.589237,"USA, Texas (various places)",33.079122,-96.730983,1961-10-17,274
"DEU, Jena (TH)",50.927054,11.589237,"USA, Texas (various places)",33.079122,-96.730983,1961-10-21,461
"DEU, Jena (TH)",50.927054,11.589237,"USA, Texas (various places)",33.079122,-96.730983,1961-11-10,417
"DEU, Jena (TH)",50.927054,11.589237,"USA, Texas (various places)",33.079122,-96.730983,1961-12-28,427
"USA, Philadelphia (PA)",39.952584,-75.165222,"DEU, Lobenstein",50.449532,11.64425,1844-10-22,431
"USA, Philadelphia (PA)",39.952584,-75.165222,"DEU, Lobenstein",50.449532,11.64425,1846-08-02,293
"DEU, Lobenstein",50.449532,11.64425,"USA, Philadelphia (PA)",39.952584,-75.165222,1844-01-12,448
"DEU, Lobenstein",50.449532,11.64425,"USA, New York (NY)",40.712784,-74.005941000000007,1844-07-07,345
"USA, New York (NY)",40.712784,-74.005941000000007,"DEU, Lobenstein",50.449532,11.64425,1872-01-25,312
"USA, New York (NY)",40.712784,-74.005941000000007,"DEU, Lobenstein",50.449532,11.64425,1873-05-27,363
"DEU, Glasin",53.911305,11.73608,"USA, Sandy Crick (VI)",42.873573,-91.07783,1863-08-12,447
"DEU, Glasin",53.911305,11.73608,"USA, Sandy Crick (VI)",42.873573,-91.07783,1863-12-19,463
"DEU, Glasin",53.911305,11.73608,"USA, Bellville (VI)",42.151721,-83.531129,1868-02-21,360
"USA, Cleveland (OH)",41.49932,-81.694361,"DEU, Remptendorf (TH)",50.528715,11.659751,1872-03-24,413
"USA, Cleveland (OH)",41.49932,-81.694361,"DEU, Remptendorf (TH)",50.528715,11.659751,1872-12-05,194
"USA, Frederick  Maryland",39.414269,-77.410541,"DEU, Remptendorf (TH)",50.528715,11.659751,1873-01-25,301
"USA, Covington (KY)",39.083671,-84.508554,"DEU, Remptendorf (TH)",50.528715,11.659751,1873-04-03,480
"USA, Brooko Station",42.426241,-71.89524,"DEU, Remptendorf (TH)",50.528715,11.659751,1873-09-13,339
"USA, Ohio (OH)",40.417287,-82.907123,"DEU, Remptendorf (TH)",50.528715,11.659751,1873-10-09,320
"USA, Ohio (OH)",40.417287,-82.907123,"DEU, Remptendorf (TH)",50.528715,11.659751,1873-11-03,430
"USA, O. Folly Island (SC)",32.665642,-79.920669,"DEU, Remptendorf (TH)",50.528715,11.659751,1874-03-20,241
"USA, O. Folly Island (SC)",32.665642,-79.920669,"DEU, Remptendorf (TH)",50.528715,11.659751,1874-05-27,322
"USA, Fernandina (FL)",30.332184,-81.655651,"DEU, Remptendorf (TH)",50.528715,11.659751,1874-12-31,273
"USA, Fernandina (FL)",30.332184,-81.655651,"DEU, Remptendorf (TH)",50.528715,11.659751,1875-02-26,339
"USA, Fernandina (FL)",30.332184,-81.655651,"DEU, Remptendorf (TH)",50.528715,11.659751,1875-03-14,428
"USA, Fernandina (FL)",30.332184,-81.655651,"DEU, Remptendorf (TH)",50.528715,11.659751,1875-08-02,210
"USA, Fernandina (FL)",30.332184,-81.655651,"DEU, Remptendorf (TH)",50.528715,11.659751,1875-09-22,240
"USA, Fernandina (FL)",30.332184,-81.655651,"DEU, Remptendorf (TH)",50.528715,11.659751,1876-07-23,474
"USA, Jacksonville (FL)",30.332184,-81.655651,"DEU, Remptendorf (TH)",50.528715,11.659751,1876-09-21,554
"USA, St. Augustine (FL)",29.901244,-81.312434,"DEU, Remptendorf (TH)",50.528715,11.659751,1876-12-11,600
"USA, St. Augustine (FL)",29.901244,-81.312434,"DEU, Remptendorf (TH)",50.528715,11.659751,1877-10-03,383
"USA, St. Augustine (FL)",29.901244,-81.312434,"DEU, Remptendorf (TH)",50.528715,11.659751,1877-12-25,412
"USA, St. Augustine (FL)",29.901244,-81.312434,"DEU, Remptendorf (TH)",50.528715,11.659751,1878-05-04,522
"USA, St. Augustine (FL)",29.901244,-81.312434,"DEU, Remptendorf (TH)",50.528715,11.659751,1878-11-24,502
"DEU, Stuttgart",48.775846,9.182932,"DEU, Remptendorf (TH)",50.528715,11.659751,1918-03-02,264
"DEU, Berlin",52.520007,13.404954,"DEU, Remptendorf (TH)",50.528715,11.659751,1925-10-23,481
"USA, New York (NY)",40.712784,-74.005941000000007,"DEU, Remptendorf (TH)",50.528715,11.659751,1926-08-30,341
"USA, New York (NY)",40.712784,-74.005941000000007,"DEU, Remptendorf (TH)",50.528715,11.659751,1939-03-16,390
"USA, Blue Ridge Summit (PA)",39.724262,-77.471378,"DEU, Remptendorf (TH)",50.528715,11.659751,1963-06-02,356
"USA, Blue Ridge Summit (PA)",39.724262,-77.471378,"DEU, Remptendorf (TH)",50.528715,11.659751,1963-12-26,354
"USA, Blue Ridge Summit (PA)",39.724262,-77.471378,"DEU, Remptendorf (TH)",50.528715,11.659751,1964-06-30,395
"USA, Blue Ridge Summit (PA)",39.724262,-77.471378,"DEU, Remptendorf (TH)",50.528715,11.659751,1967-06-22,520
"USA, Blue Ridge Summit (PA)",39.724262,-77.471378,"DEU, Remptendorf (TH)",50.528715,11.659751,1967-08-27,307
"USA, Blue Ridge Summit (PA)",39.724262,-77.471378,"DEU, Remptendorf (TH)",50.528715,11.659751,1967-12-11,505
"USA, Blue Ridge Summit (PA)",39.724262,-77.471378,"DEU, Remptendorf (TH)",50.528715,11.659751,1968-03-31,306
"USA, Blue Ridge Summit (PA)",39.724262,-77.471378,"DEU, Remptendorf (TH)",50.528715,11.659751,1969-03-17,281
"USA, Blue Ridge Summit (PA)",39.724262,-77.471378,"DEU, Remptendorf (TH)",50.528715,11.659751,1969-06-28,404
"USA, Blue Ridge Summit (PA)",39.724262,-77.471378,"DEU, Remptendorf (TH)",50.528715,11.659751,1971-07-13,389
"USA, Blue Ridge Summit (PA)",39.724262,-77.471378,"DEU, Remptendorf (TH)",50.528715,11.659751,1971-08-02,608
"USA, Blue Ridge Summit (PA)",39.724262,-77.471378,"DEU, Remptendorf (TH)",50.528715,11.659751,1973-08-23,344
"USA, Blue Ridge Summit (PA)",39.724262,-77.471378,"DEU, Remptendorf (TH)",50.528715,11.659751,1974-06-14,455
"USA, Blue Ridge Summit (PA)",39.724262,-77.471378,"DEU, Remptendorf (TH)",50.528715,11.659751,1975-06-26,339
"USA, Blue Ridge Summit (PA)",39.724262,-77.471378,"DEU, Remptendorf (TH)",50.528715,11.659751,1975-07-18,610
"USA, Blue Ridge Summit (PA)",39.724262,-77.471378,"DEU, Remptendorf (TH)",50.528715,11.659751,1976-03-29,521
"USA, Blue Ridge Summit (PA)",39.724262,-77.471378,"DEU, Remptendorf (TH)",50.528715,11.659751,1976-06-11,402
"USA, Blue Ridge Summit (PA)",39.724262,-77.471378,"DEU, Remptendorf (TH)",50.528715,11.659751,1977-04-25,273
"USA, Chicago (IL)",41.878114,-87.629798,"DEU, Remptendorf (TH)",50.528715,11.659751,1918-11-15,262
"USA, Orange (NJ)",40.770619,-74.232648,"DEU, Remptendorf (TH)",50.528715,11.659751,1866-09-16,523
"USA, Orange (NJ)",40.770619,-74.232648,"DEU, Remptendorf (TH)",50.528715,11.659751,1876-08-07,475
"USA, Warrensville (OH)",41.326467,-76.945521,"DEU, Remptendorf (TH)",50.528715,11.659751,1890-05-22,431
"USA, Warrensville (OH)",41.326467,-76.945521,"DEU, Remptendorf (TH)",50.528715,11.659751,1890-09-20,366
"USA, Warrensville (OH)",41.326467,-76.945521,"DEU, Remptendorf (TH)",50.528715,11.659751,1893-12-08,381
"USA, Ann Arbor (MI)",42.280826,-83.743038,"DEU, Remptendorf (TH)",50.528715,11.659751,1916-05-10,537
"USA, Ann Arbor (MI)",42.280826,-83.743038,"DEU, Remptendorf (TH)",50.528715,11.659751,1916-08-23,510
"USA, Homer (OH)",40.252612,-82.518687,"DEU, Remptendorf (TH)",50.528715,11.659751,1917-03-23,351
"USA, Ann Arbor (MI)",42.280826,-83.743038,"DEU, Remptendorf (TH)",50.528715,11.659751,1917-04-25,367
"USA, Ann Arbor (MI)",42.280826,-83.743038,"DEU, Remptendorf (TH)",50.528715,11.659751,1918-01-22,390
"USA, Orange (NJ)",40.770619,-74.232648,"DEU, Remptendorf (TH)",50.528715,11.659751,1930-12-04,527
"USA, Orange (NJ)",40.770619,-74.232648,"DEU, Remptendorf (TH)",50.528715,11.659751,1931-12-04,269
"USA, New York (NY)",40.712784,-74.005941000000007,"DEU, Remptendorf (TH)",50.528715,11.659751,1940-08-18,357
"USA, New York (NY)",40.712784,-74.005941000000007,"DEU, Remptendorf (TH)",50.528715,11.659751,1960-10-02,310
"USA, New York (NY)",40.712784,-74.005941000000007,"DEU, Remptendorf (TH)",50.528715,11.659751,1962-11-03,342
"USA, New York (NY)",40.712784,-74.005941000000007,"DEU, Remptendorf (TH)",50.528715,11.659751,1964-05-30,370
"USA, New York (NY)",40.712784,-74.005941000000007,"DEU, Remptendorf (TH)",50.528715,11.659751,1965-10-08,453
"USA, New York (NY)",40.712784,-74.005941000000007,"DEU, Remptendorf (TH)",50.528715,11.659751,1966-01-22,368
"USA, Wilmington (Delaware)",39.739072,-75.539788,"DEU, Remptendorf (TH)",50.528715,11.659751,1966-04-23,351
"USA, Wilmington (Delaware)",39.739072,-75.539788,"DEU, Remptendorf (TH)",50.528715,11.659751,1967-06-26,289
"USA, Wilmington (Delaware)",39.739072,-75.539788,"DEU, Wilhelmshaven",53.53234,8.106872,1967-08-26,428
"USA, Wilmington (Delaware)",39.739072,-75.539788,"DEU, Remptendorf (TH)",50.528715,11.659751,1969-06-21,445
"USA, Wilmington (Delaware)",39.739072,-75.539788,"DEU, Remptendorf (TH)",50.528715,11.659751,1970-09-17,327
"USA, Wilmington (Delaware)",39.739072,-75.539788,"DEU, Remptendorf (TH)",50.528715,11.659751,1971-07-31,407
"USA, Wilmington (Delaware)",39.739072,-75.539788,"DEU, Remptendorf (TH)",50.528715,11.659751,1972-06-23,451
"USA, Wilmington (Delaware)",39.739072,-75.539788,"DEU, Remptendorf (TH)",50.528715,11.659751,1972-07-17,543
"USA, Wilmington (Delaware)",39.739072,-75.539788,"DEU, Remptendorf (TH)",50.528715,11.659751,1977-08-10,421
"USA, Columbus (OH)",39.961176,-82.998794,"DEU, Remptendorf (TH)",50.528715,11.659751,1944-06-26,350
"USA, Columbus (OH)",39.961176,-82.998794,"DEU, Remptendorf (TH)",50.528715,11.659751,1964-07-30,286
"USA, Columbus (OH)",39.961176,-82.998794,"DEU, Remptendorf (TH)",50.528715,11.659751,1966-05-05,394
"USA, Columbus (OH)",39.961176,-82.998794,"DEU, Remptendorf (TH)",50.528715,11.659751,1967-09-28,496
"USA, Columbus (OH)",39.961176,-82.998794,"DEU, Remptendorf (TH)",50.528715,11.659751,1969-01-03,351
"USA, Columbus (OH)",39.961176,-82.998794,"DEU, Remptendorf (TH)",50.528715,11.659751,1969-08-24,507
"DEU, M?_nchen",48.135125,11.581981,"DEU, Remptendorf (TH)",50.528715,11.659751,1970-12-09,505
"DEU, Wilhelmshaven",53.53234,8.106872,"DEU, Remptendorf (TH)",50.528715,11.659751,1965-04-07,359
"DEU, Wilhelmshaven",53.53234,8.106872,"DEU, Remptendorf (TH)",50.528715,11.659751,1976-06-29,342
"DEU, Wilhelmshaven",53.53234,8.106872,"DEU, Remptendorf (TH)",50.528715,11.659751,1977-05-27,356
"USA, Wood Ridge (NJ)",40.845656,-74.087919,"DEU, Remptendorf (TH)",50.528715,11.659751,1943-08-15,391
"USA, Wood Ridge (NJ)",40.845656,-74.087919,"DEU, Remptendorf (TH)",50.528715,11.659751,1943-09-24,434
"USA, Jersey City (NJ)",40.728157,-74.077642,"DEU, Remptendorf (TH)",50.528715,11.659751,1902-08-07,456
"USA, Jersey City (NJ)",40.728157,-74.077642,"DEU, Remptendorf (TH)",50.528715,11.659751,1903-01-27,263
"USA, Princeton (NJ)",40.357298,-74.667223,"DEU, Remptendorf (TH)",50.528715,11.659751,1903-07-27,506
"USA, New York (NY) (NJ)",40.78306,-73.971249,"DEU, Remptendorf (TH)",50.528715,11.659751,1904-01-27,420
"USA, Port Cester (NY)",41.001764,-73.665683,"DEU, Remptendorf (TH)",50.528715,11.659751,1905-07-27,382
"USA, Jersey City (NJ)",40.728157,-74.077642,"DEU, Remptendorf (TH)",50.528715,11.659751,1907-05-26,598
"USA, Jersey City (NJ)",40.728157,-74.077642,"DEU, Remptendorf (TH)",50.528715,11.659751,1908-08-24,372
"USA, Jersey City (NJ)",40.728157,-74.077642,"DEU, Remptendorf (TH)",50.528715,11.659751,1909-01-22,339
"USA, Jersey City (NJ)",40.728157,-74.077642,"DEU, Remptendorf (TH)",50.528715,11.659751,1909-12-23,353
"USA, Jersey City (NJ)",40.728157,-74.077642,"DEU, Remptendorf (TH)",50.528715,11.659751,1910-05-14,415
"USA, Jersey City (NJ)",40.728157,-74.077642,"DEU, Remptendorf (TH)",50.528715,11.659751,1911-04-29,450
"USA, Jersey City (NJ)",40.728157,-74.077642,"DEU, Remptendorf (TH)",50.528715,11.659751,1912-11-14,467
"USA, Jersey City (NJ)",40.728157,-74.077642,"DEU, Remptendorf (TH)",50.528715,11.659751,1913-05-21,445
"USA, Rutherford (NJ)",40.826489,-74.106809,"DEU, Remptendorf (TH)",50.528715,11.659751,1914-12-13,325
"USA, Carlstadt (NJ)",40.840378,-74.090697,"DEU, Remptendorf (TH)",50.528715,11.659751,1916-06-24,218
"USA, Carlstadt (NJ)",40.840378,-74.090697,"DEU, Remptendorf (TH)",50.528715,11.659751,1917-05-19,405
"USA, Carlstadt (NJ)",40.840378,-74.090697,"DEU, Remptendorf (TH)",50.528715,11.659751,1917-08-17,391
"USA, Carlstadt (NJ)",40.840378,-74.090697,"DEU, Remptendorf (TH)",50.528715,11.659751,1917-11-24,625
"USA, Carlstadt (NJ)",40.840378,-74.090697,"DEU, Remptendorf (TH)",50.528715,11.659751,1917-12-27,328
"USA, Carlstadt (NJ)",40.840378,-74.090697,"DEU, Remptendorf (TH)",50.528715,11.659751,1918-02-16,406
"USA, Carlstadt (NJ)",40.840378,-74.090697,"DEU, Remptendorf (TH)",50.528715,11.659751,1919-06-30,435
"USA, Carlstadt (NJ)",40.840378,-74.090697,"DEU, Remptendorf (TH)",50.528715,11.659751,1920-01-11,421
"USA, Carlstadt (NJ)",40.840378,-74.090697,"DEU, Remptendorf (TH)",50.528715,11.659751,1920-07-02,399
"USA, Carlstadt (NJ)",40.840378,-74.090697,"DEU, Remptendorf (TH)",50.528715,11.659751,1923-06-22,312
"USA, Carlstadt (NJ)",40.840378,-74.090697,"DEU, Remptendorf (TH)",50.528715,11.659751,1925-07-16,396
"USA, Carlstadt (NJ)",40.840378,-74.090697,"DEU, Remptendorf (TH)",50.528715,11.659751,1926-04-13,446
"USA, Carlstadt (NJ)",40.840378,-74.090697,"DEU, Remptendorf (TH)",50.528715,11.659751,1931-08-14,477
"USA, Carlstadt (NJ)",40.840378,-74.090697,"DEU, Remptendorf (TH)",50.528715,11.659751,1932-06-16,434
"USA, Carlstadt (NJ)",40.840378,-74.090697,"DEU, Remptendorf (TH)",50.528715,11.659751,1940-06-19,327
"USA, Carlstadt (NJ)",40.840378,-74.090697,"DEU, Remptendorf (TH)",50.528715,11.659751,1940-08-07,316
"USA, Carlstadt (NJ)",40.840378,-74.090697,"DEU, Remptendorf (TH)",50.528715,11.659751,1940-09-15,519
"USA, Carlstadt (NJ)",40.840378,-74.090697,"DEU, Remptendorf (TH)",50.528715,11.659751,1941-06-16,414
"USA, Carlstadt (NJ)",40.840378,-74.090697,"DEU, Remptendorf (TH)",50.528715,11.659751,1943-06-20,327
"DEU, Sebnitz (S)",50.970912,14.273873,"USA, Carlstadt (NJ)",40.840378,-74.090697,1931-07-16,351
"DEU, Eckenhaid",49.57287,11.218454,"DEU, Remptendorf (TH)",50.528715,11.659751,1989-08-23,409
"USA, Lime Ridge (WI)",43.467759,-90.154849,"DEU, Remptendorf (TH)",50.528715,11.659751,1944-06-26,250
"USA, Lime Ridge (WI)",43.467759,-90.154849,"DEU, Remptendorf (TH)",50.528715,11.659751,1975-06-30,357
"USA, Lime Ridge (WI)",43.467759,-90.154849,"DEU, Remptendorf (TH)",50.528715,11.659751,1978-06-26,339
