sender details,,,receiver details,,,transit details,
Sender Location,Sender latitude,Sender longitude,Receiver Location,Receiver latitude,Receiver longitude,Date,Number of items
"DEU, Mockethal",50.97178,13.960129,"USA, New York (NY)",40.712784,-74.005941,07/09/1915,329
"DEU, Mockethal",50.97178,13.960129,"USA, New York (NY)",40.712784,-74.005941,19/09/1915,439
"DEU, Mockethal",50.97178,13.960129,"USA, New York (NY)",40.712784,-74.005941,21/09/1915,451
"DEU, Mockethal",50.97178,13.960129,"USA, New York (NY)",40.712784,-74.005941,30/09/1915,398
"DEU, Mockethal",50.97178,13.960129,"USA, New York (NY)",40.712784,-74.005941,05/10/1915,410
"DEU, Mockethal",50.97178,13.960129,"USA, New York (NY)",40.712784,-74.005941,13/10/1915,252
"DEU, Mockethal",50.97178,13.960129,"USA, New York (NY)",40.712784,-74.005941,15/10/1915,440
"DEU, Mockethal",50.97178,13.960129,"USA, New York (NY)",40.712784,-74.005941,15/10/1915,326
"DEU, Mockethal",50.97178,13.960129,"USA, New York (NY)",40.712784,-74.005941,31/10/1915,421
"DEU, Mockethal",50.97178,13.960129,"USA, New York (NY)",40.712784,-74.005941,08/11/1915,441
"DEU, Mockethal",50.97178,13.960129,"USA, New York (NY)",40.712784,-74.005941,08/11/1915,496
"DEU, Mockethal",50.97178,13.960129,"USA, New York (NY)",40.712784,-74.005941,14/11/1915,509
"DEU, Mockethal",50.97178,13.960129,"USA, New York (NY)",40.712784,-74.005941,14/11/1915,239
"DEU, Mockethal",50.97178,13.960129,"USA, New York (NY)",40.712784,-74.005941,17/11/1915,259
"DEU, Mockethal",50.97178,13.960129,"USA, New York (NY)",40.712784,-74.005941,27/11/1915,453
"DEU, Mockethal",50.97178,13.960129,"USA, New York (NY)",40.712784,-74.005941,04/12/1915,451
"DEU, Mockethal",50.97178,13.960129,"USA, New York (NY)",40.712784,-74.005941,17/12/1915,315
"DEU, Mockethal",50.97178,13.960129,"USA, New York (NY)",40.712784,-74.005941,19/12/1915,400
"USA, St Louis (MS)",38.600423,-90.221624,"DEU, Templin",53.116887,13.497969,1868-06-06,456
"USA, Mobile (AL)",30.696441,-88.180356,"DEU, Templin",53.116887,13.497969,1868-07-30,450
"USA, Mobile (AL)",30.696441,-88.180356,"DEU, Templin",53.116887,13.497969,1868-09-30,428
"USA, Laevenworth City (KA)",39.311111,-94.922464,"DEU, Templin",53.116887,13.497969,1868-11-11,461
"USA, St Louis (MS)",38.600423,-90.221624,"DEU, Templin",53.116887,13.497969,1869-07-11,521
"USA, Park County (KA)",43.919952,-94.70262,"DEU, Templin",53.116887,13.497969,1870-11-30,452
"USA, Lagrange (TN)",35.136443,-89.302732,"DEU, Templin",53.116887,13.497969,1875-02-12,435
"USA, Cairo (IL)",37.005329,-89.176461,"DEU, Templin",53.116887,13.497969,1875-03-25,448
"USA, Nashville (TN)",36.162664,-86.781602,"DEU, Templin",53.116887,13.497969,1875-07-12,471
"USA, Mobile (AL)",30.696441,-88.180356,"DEU, Templin",53.116887,13.497969,1875-10-04,410
"USA, Montgomery (AL)",32.366805,-86.299969,"DEU, Templin",53.116887,13.497969,1876-01-03,367
"USA, Conover (NC)",35.706522,-81.218693,"DEU, Templin",53.116887,13.497969,1876-03-28,294
"USA, Conover (NC)",35.706522,-81.218693,"DEU, Templin",53.116887,13.497969,1878-03-11,303
"USA, Conover (NC)",35.706522,-81.218693,"DEU, Templin",53.116887,13.497969,1879-01-08,445
"USA, Conover (NC)",35.706522,-81.218693,"DEU, Templin",53.116887,13.497969,1879-04-02,462
"USA, Conover (NC)",35.706522,-81.218693,"DEU, Templin",53.116887,13.497969,1879-10-08,340
"USA, Conover (NC)",35.706522,-81.218693,"DEU, Templin",53.116887,13.497969,1880-08-13,529
"USA, Conover (NC)",35.706522,-81.218693,"DEU, Templin",53.116887,13.497969,23/06/1910,441
"USA, Spokane (WA)",47.65878,-117.426047,"DEU, Langen",49.991466,8.663401,22/01/1936,547
"USA, Spokane (WA)",47.65878,-117.426047,"DEU, Munich",48.135125,11.581981,08/06/1936,430
"USA, Spokane (WA)",47.65878,-117.426047,"DEU, Munich",48.135125,11.581981,31/07/1936,496
"USA, Spokane (WA)",47.65878,-117.426047,"DEU, Munich",48.135125,11.581981,03/10/1936,348
"USA, Spokane (WA)",47.65878,-117.426047,"DEU, Munich",48.135125,11.581981,10/11/1936,475
"USA, Winona (MN)",44.055391,-91.666352,"DEU, Munich",48.135125,11.581981,28/03/1937,461
"USA, Winona (MN)",44.055391,-91.666352,"DEU, Munich",48.135125,11.581981,28/05/1937,393
"USA, Winona (MN)",44.055391,-91.666352,"DEU, Munich",48.135125,11.581981,16/07/1938,233
"USA, Winona (MN)",44.055391,-91.666352,"DEU, Munich",48.135125,11.581981,16/11/1937,448
"USA, Winona (MN)",44.055391,-91.666352,"DEU, Munich",48.135125,11.581981,02/04/1938,320
"USA, Winona (MN)",44.055391,-91.666352,"DEU, Munich",48.135125,11.581981,10/05/1938,482
"USA, Winona (MN)",44.055391,-91.666352,"DEU, Munich",48.135125,11.581981,20/03/1939,307
"USA, Winona (MN)",44.055391,-91.666352,"DEU, Munich",48.135125,11.581981,15/06/1940,322
"USA, Winona (MN)",44.055391,-91.666352,"DEU, Munich",48.135125,11.581981,19/06/1941,523
"USA, Winona (MN)",44.055391,-91.666352,"DEU, Munich",48.135125,11.581981,10/05/1942,502
"CAN, Dodsland (ON)",51.799528,-108.835033,"DEU, Munich",48.135125,11.581981,07/05/1937,482
"CAN, Hamilton (ON)",43.250021,-79.866091,"DEU, Munich",48.135125,11.581981,15/07/1938,372
"CAN, Hamilton (ON)",43.250021,-79.866091,"DEU, Munich",48.135125,11.581981,04/09/1938,563
"CAN, Hamilton (ON)",43.250021,-79.866091,"DEU, Munich",48.135125,11.581981,31/01/1939,466
"USA, Milwaukee (WI)",43.038903,-87.906474,"DEU, Munich",48.135125,11.581981,18/05/1939,490
"USA, Milwaukee (WI)",43.038903,-87.906474,"DEU, Munich",48.135125,11.581981,08/07/1939,325
"USA, Milwaukee (WI)",43.038903,-87.906474,"DEU, Munich",48.135125,11.581981,20/07/1939,495
"USA, Milwaukee (WI)",43.038903,-87.906474,"DEU, Munich",48.135125,11.581981,29/09/1939,492
"USA, Buffalo (NY)",42.886447,-78.878369,"DEU, Munich",48.135125,11.581981,22/11/1939,261
"CAN, Hamilton (ON)",43.250021,-79.866091,"DEU, Munich",48.135125,11.581981,21/12/1939,359
"USA, Buffalo (NY)",42.886447,-78.878369,"DEU, M?_nchen",48.135125,11.581981,10/01/1940,448
"USA, Buffalo (NY)",42.886447,-78.878369,"DEU, M?_nchen",48.135125,11.581981,19/04/1941,453
"USA, Buffalo (NY)",42.886447,-78.878369,"DEU, M?_nchen",48.135125,11.581981,31/05/1941,357
"USA, Buffalo (NY)",42.886447,-78.878369,"DEU, M?_nchen",48.135125,11.581981,07/07/1941,311
"CAN, Dodsland (ON)",51.799528,-108.835033,"DEU, M?_nchen",48.135125,11.581981,27/03/1942,369
"USA, Milwaukee (WI)",43.038903,-87.906474,"DEU, M?_nchen",48.135125,11.581981,01/04/1938,227
"USA, Milwaukee (WI)",43.038903,-87.906474,"DEU, M?_nchen",48.135125,11.581981,21/11/1937,386
"USA, Milwaukee (WI)",43.038903,-87.906474,"DEU, M?_nchen",48.135125,11.581981,31/12/1937,487
"USA, Milwaukee (WI)",43.038903,-87.906474,"DEU, M?_nchen",48.135125,11.581981,11/02/1938,256
"USA, Milwaukee (WI)",43.038903,-87.906474,"DEU, M?_nchen",48.135125,11.581981,26/06/1941,466
"DEU, Bremen",53.079296,8.801694,"DEU, M?_nchen",48.135125,11.581981,21/10/1937,390
"USA, Manitowoc (WI)",44.088606,-87.657584,"DEU, M?_nchen",48.135125,11.581981,13/06/1935,276
"USA, Manitowoc (WI)",44.088606,-87.657584,"DEU, M?_nchen",48.135125,11.581981,06/10/1935,353
"USA, Orange (NJ)",33.787794,-117.853112,"DEU, Ribnitz (Mecklenburg)",54.252211,12.439749,1884-07-12,352
"USA, Cincinnati (OH)",39.103118,-84.51202,"DEU, Ribnitz (Mecklenburg)",54.252211,12.439749,1862-12-24,308
"USA, Cincinnati (OH)",39.103118,-84.51202,"DEU, Ribnitz (Mecklenburg)",54.252211,12.439749,1869-12-15,365
"USA, Cincinnati (OH)",39.103118,-84.51202,"DEU, Ribnitz (Mecklenburg)",54.252211,12.439749,1862-12-24,542
"USA, Cincinnati (OH)",39.103118,-84.51202,"DEU, Ribnitz (Mecklenburg)",54.252211,12.439749,1864-11-13,452
"USA, Cincinnati (OH)",39.103118,-84.51202,"DEU, Ribnitz (Mecklenburg)",54.252211,12.439749,1869-12-15,512
"USA, Cincinnati (OH)",39.103118,-84.51202,"DEU, Ribnitz (Mecklenburg)",54.252211,12.439749,1877-06-02,466
"USA, Cincinnati (OH)",39.103118,-84.51202,"DEU, Ribnitz (Mecklenburg)",54.252211,12.439749,1860-08-06,416
"USA, Cincinnati (OH)",39.103118,-84.51202,"DEU, Ribnitz (Mecklenburg)",54.252211,12.439749,1861-08-07,338
"USA, Cincinnati (OH)",39.103118,-84.51202,"DEU, Ribnitz (Mecklenburg)",54.252211,12.439749,1864-01-17,333
"USA, Newport (KY)",39.091449,-84.495776,"DEU, Ribnitz (Mecklenburg)",54.252211,12.439749,1864-12-24,509
"USA, Oskaloosa (IA)",41.291673,-92.649359,"DEU, Ribnitz (Mecklenburg)",54.252211,12.439749,1865-09-13,563
"USA, Oskaloosa (IA)",41.291673,-92.649359,"DEU, Ribnitz (Mecklenburg)",54.252211,12.439749,1865-10-13,452
"USA, Oskaloosa (IA)",41.291673,-92.649359,"DEU, Ribnitz (Mecklenburg)",54.252211,12.439749,1866-10-24,268
"USA, Oskaloosa (IA)",41.291673,-92.649359,"DEU, Ribnitz (Mecklenburg)",54.252211,12.439749,1867-06-04,531
"USA, Oskaloosa (IA)",41.291673,-92.649359,"DEU, Ribnitz (Mecklenburg)",54.252211,12.439749,1867-08-14,350
"USA, Oskaloosa (IA)",41.291673,-92.649359,"DEU, Ribnitz (Mecklenburg)",54.252211,12.439749,1868-05-10,436
"USA, Oskaloosa (IA)",41.291673,-92.649359,"DEU, Ribnitz (Mecklenburg)",54.252211,12.439749,1869-07-01,352
"USA, Oskaloosa (IA)",41.291673,-92.649359,"DEU, Ribnitz (Mecklenburg)",54.252211,12.439749,1869-10-25,451
"USA, Oskaloosa (IA)",41.291673,-92.649359,"DEU, Ribnitz (Mecklenburg)",54.252211,12.439749,1871-07-20,286
"USA, Oskaloosa (IA)",41.291673,-92.649359,"DEU, Ribnitz (Mecklenburg)",54.252211,12.439749,1876-09-24,527
"USA, Oskaloosa (IA)",41.291673,-92.649359,"DEU, Ribnitz (Mecklenburg)",54.252211,12.439749,1877-04-16,384
"USA, Oskaloosa (IA)",41.291673,-92.649359,"DEU, Ribnitz (Mecklenburg)",54.252211,12.439749,1877-09-03,343
"USA, Oskaloosa (IA)",41.291673,-92.649359,"DEU, Ribnitz (Mecklenburg)",54.252211,12.439749,1878-06-19,350
"USA, Newport (KY)",39.091449,-84.495776,"DEU, Ribnitz (Mecklenburg)",54.252211,12.439749,1864-12-23,379
"USA, Newport (KY)",39.091449,-84.495776,"DEU, Ribnitz (Mecklenburg)",54.252211,12.439749,1865-01-19,429
"USA, Oskaloosa (IA)",41.291673,-92.649359,"DEU, Ribnitz (Mecklenburg)",54.252211,12.439749,1866-11-01,381
"USA, Oskaloosa (IA)",41.291673,-92.649359,"DEU, Ribnitz (Mecklenburg)",54.252211,12.439749,1867-06-07,410
"USA, Oskaloosa (IA)",41.291673,-92.649359,"DEU, Ribnitz (Mecklenburg)",54.252211,12.439749,1867-07-15,408
"USA, Oskaloosa (IA)",41.291673,-92.649359,"DEU, Ribnitz (Mecklenburg)",54.252211,12.439749,1868-05-10,481
"USA, Warsaw (IL)",40.359211,-91.434598,"DEU, Ribnitz (Mecklenburg)",54.252211,12.439749,1870-06-12,428
"USA, Warsaw (IL)",40.359211,-91.434598,"DEU, Ribnitz (Mecklenburg)",54.252211,12.439749,1871-05-31,379
"USA, Warsaw (IL)",40.359211,-91.434598,"DEU, Ribnitz (Mecklenburg)",54.252211,12.439749,1871-06-17,536
"USA, Warsaw (IL)",40.359211,-91.434598,"DEU, Ribnitz (Mecklenburg)",54.252211,12.439749,1872-10-20,346
"USA, Koekuk (IA?)",40.404473,-91.396397,"DEU, Ribnitz (Mecklenburg)",54.252211,12.439749,1877-09-03,446
"USA, Koekuk (IA?)",40.404473,-91.396397,"DEU, Ribnitz (Mecklenburg)",54.252211,12.439749,1878-06-19,368
"USA, Cincinnati (OH)",39.103118,-84.51202,"DEU, Ribnitz (Mecklenburg)",54.252211,12.439749,1860-08-06,311
"USA, Cincinnati (OH)",39.103118,-84.51202,"DEU, Ribnitz (Mecklenburg)",54.252211,12.439749,1861-08-07,370
"USA, Oskaloosa (IA)",41.291673,-92.649359,"DEU, Ribnitz (Mecklenburg)",54.252211,12.439749,1862-12-24,585
"USA, Cincinnati (OH)",39.103118,-84.51202,"DEU, Ribnitz (Mecklenburg)",54.252211,12.439749,1864-01-17,503
"USA, Oskaloosa (IA)",41.291673,-92.649359,"DEU, Ribnitz (Mecklenburg)",54.252211,12.439749,1864-10-12,410
"USA, Newport (KY)",39.091449,-84.495776,"DEU, Ribnitz (Mecklenburg)",54.252211,12.439749,1864-12-24,524
"USA, Oskaloosa (IA)",41.291673,-92.649359,"DEU, Ribnitz (Mecklenburg)",54.252211,12.439749,1865-09-13,426
"USA, Oskaloosa (IA)",41.291673,-92.649359,"DEU, Ribnitz (Mecklenburg)",54.252211,12.439749,1865-09-13,392
"USA, Oskaloosa (IA)",41.291673,-92.649359,"DEU, Ribnitz (Mecklenburg)",54.252211,12.439749,1866-10-24,407
"USA, Oskaloosa (IA)",41.291673,-92.649359,"DEU, Ribnitz (Mecklenburg)",54.252211,12.439749,1866-10-24,464
"USA, Oskaloosa (IA)",41.291673,-92.649359,"DEU, Ribnitz (Mecklenburg)",54.252211,12.439749,1867-06-04,377
"USA, Oskaloosa (IA)",41.291673,-92.649359,"DEU, Ribnitz (Mecklenburg)",54.252211,12.439749,1867-08-14,320
"USA, Oskaloosa (IA)",41.291673,-92.649359,"DEU, Ribnitz (Mecklenburg)",54.252211,12.439749,1868-05-10,307
"USA, Oskaloosa (IA)",41.291673,-92.649359,"DEU, Ribnitz (Mecklenburg)",54.252211,12.439749,1869-07-01,369
"USA, Oskaloosa (IA)",41.291673,-92.649359,"DEU, Ribnitz (Mecklenburg)",54.252211,12.439749,1869-10-25,375
"USA, Oskaloosa (IA)",41.291673,-92.649359,"DEU, Ribnitz (Mecklenburg)",54.252211,12.439749,1871-07-20,253
"USA, Oskaloosa (IA)",41.291673,-92.649359,"DEU, Ribnitz (Mecklenburg)",54.252211,12.439749,1876-09-24,601
"USA, Newport (KY)",39.091449,-84.495776,"DEU, Ribnitz (Mecklenburg)",54.252211,12.439749,1864-12-23,336
"USA, Newport (KY)",39.091449,-84.495776,"DEU, Ribnitz (Mecklenburg)",54.252211,12.439749,1865-01-19,518
"USA, Maisfeld (near Oskaloosa) (IA)",41.291673,-92.649359,"DEU, Ribnitz (Mecklenburg)",54.252211,12.439749,1865-10-01,542
"USA, Oskaloosa (IA)",41.291673,-92.649359,"DEU, Ribnitz (Mecklenburg)",54.252211,12.439749,1866-11-01,264
"USA, Oskaloosa (IA)",41.291673,-92.649359,"DEU, Ribnitz (Mecklenburg)",54.252211,12.439749,1867-02-24,402
"USA, Warsaw (IL)",40.359211,-91.434598,"DEU, Ribnitz (Mecklenburg)",54.252211,12.439749,1870-06-12,437
"USA, Warsaw (IL)",40.359211,-91.434598,"DEU, Ribnitz (Mecklenburg)",54.252211,12.439749,1871-05-31,385
"USA, Warsaw (IL)",40.359211,-91.434598,"DEU, Ribnitz (Mecklenburg)",54.252211,12.439749,1872-10-20,474
"DEU, Erfurt",50.984768,11.02988,"DEU, Gr?_fenroda",50.747635,10.810775,1888-03-02,236
"USA, Detroit (MI)",42.331427,-83.045754,"DEU, Gr?_fenroda",50.747635,10.810775,1864-08-08,527
"USA, Detroit (MI)",42.331427,-83.045754,"DEU, Gr?_fenroda",50.747635,10.810775,1864-08-10,660
"USA, Detroit (MI)",42.331427,-83.045754,"DEU, Gr?_fenroda",50.747635,10.810775,1872-03-22,374
"DEU, Gotha",50.946919,10.709288,"DEU, Gr?_fenroda",50.747635,10.810775,1881-02-18,379
"DEU, Gotha",50.946919,10.709288,"DEU, Gr?_fenroda",50.747635,10.810775,1881-02-26,487
"FRA, Versailles",48.801408,2.130122,"DEU, Gr?_fenroda",50.747635,10.810775,1881-08-26,497
"FRA, Fort de Noisy",48.833953,2.560984,"DEU, Gr?_fenroda",50.747635,10.810775,1882-03-12,398
"USA, Detroit (MI)",42.331427,-83.045754,"DEU, Suhl",50.607685,10.688126,1865-06-03,338
"USA, Detroit (MI)",42.331427,-83.045754,"DEU, Gr?_fenroda",50.747635,10.810775,1881-04-09,495
"USA, Detroit (MI)",42.331427,-83.045754,"DEU, Gr?_fenroda",50.747635,10.810775,1890-11-05,504
"USA, Detroit (MI)",42.331427,-83.045754,"DEU, Gr?_fenroda",50.747635,10.810775,1868-02-06,362
"USA, Detroit (MI)",42.331427,-83.045754,"DEU, Gr?_fenroda",50.747635,10.810775,1880-01-27,482
"USA, Detroit (MI)",42.331427,-83.045754,"DEU, Gr?_fenroda",50.747635,10.810775,1868-04-29,389
"USA, Detroit (MI)",42.331427,-83.045754,"DEU, Gr?_fenroda",50.747635,10.810775,1869-01-08,465
"USA, Detroit (MI)",42.331427,-83.045754,"DEU, Gr?_fenroda",50.747635,10.810775,1874-08-28,339
"USA, Detroit (MI)",42.331427,-83.045754,"DEU, Gr?_fenroda",50.747635,10.810775,1880-01-28,456
"USA, Detroit (MI)",42.331427,-83.045754,"DEU, Gr?_fenroda",50.747635,10.810775,1865-10-18,466
"USA, Detroit (MI)",42.331427,-83.045754,"DEU, Gr?_fenroda",50.747635,10.810775,1868-02-05,593
"USA, Detroit (MI)",42.331427,-83.045754,"DEU, Gr?_fenroda",50.747635,10.810775,1868-02-21,377
"USA, Detroit (MI)",42.331427,-83.045754,"DEU, Gr?_fenroda",50.747635,10.810775,1868-08-26,484
"USA, Detroit (MI)",42.331427,-83.045754,"DEU, Gr?_fenroda",50.747635,10.810775,1869-01-08,476
"USA, Detroit (MI)",42.331427,-83.045754,"DEU, Gr?_fenroda",50.747635,10.810775,1871-05-22,453
"USA, Detroit (MI)",42.331427,-83.045754,"DEU, Gr?_fenroda",50.747635,10.810775,1875-03-06,532
"USA, Detroit (MI)",42.331427,-83.045754,"DEU, Gr?_fenroda",50.747635,10.810775,1878-03-24,453
"USA, Detroit (MI)",42.331427,-83.045754,"DEU, Gr?_fenroda",50.747635,10.810775,1879-10-05,330
"USA, Detroit (MI)",42.331427,-83.045754,"DEU, Gr?_fenroda",50.747635,10.810775,1879-12-31,349
"USA, Detroit (MI)",42.331427,-83.045754,"DEU, Gr?_fenroda",50.747635,10.810775,1885-07-07,324
"USA, Detroit (MI)",42.331427,-83.045754,"DEU, Gr?_fenroda",50.747635,10.810775,1885-09-02,340
"USA, Detroit (MI)",42.331427,-83.045754,"DEU, Gr?_fenroda",50.747635,10.810775,1886-12-05,434
"USA, Detroit (MI)",42.331427,-83.045754,"DEU, Gr?_fenroda",50.747635,10.810775,1887-06-08,375
"USA, Detroit (MI)",42.331427,-83.045754,"DEU, Gr?_fenroda",50.747635,10.810775,1887-10-13,478
"USA, Detroit (MI)",42.331427,-83.045754,"DEU, Gr?_fenroda",50.747635,10.810775,1889-02-20,268
"USA, Detroit (MI)",42.331427,-83.045754,"DEU, Gr?_fenroda",50.747635,10.810775,1894-10-08,496
"USA, Detroit (MI)",42.331427,-83.045754,"DEU, Gr?_fenroda",50.747635,10.810775,1869-07-22,377
"USA, Detroit (MI)",42.331427,-83.045754,"DEU, Gr?_fenroda",50.747635,10.810775,1870-04-06,509
"USA, Detroit (MI)",42.331427,-83.045754,"DEU, Gr?_fenroda",50.747635,10.810775,1870-10-28,381
"USA, Detroit (MI)",42.331427,-83.045754,"DEU, Gr?_fenroda",50.747635,10.810775,1872-10-09,499
"USA, Detroit (MI)",42.331427,-83.045754,"DEU, Gr?_fenroda",50.747635,10.810775,1873-07-07,322
"USA, Detroit (MI)",42.331427,-83.045754,"DEU, Gr?_fenroda",50.747635,10.810775,1875-03-29,343
"USA, Detroit (MI)",42.331427,-83.045754,"DEU, Gr?_fenroda",50.747635,10.810775,1875-09-22,268
"USA, Detroit (MI)",42.331427,-83.045754,"DEU, Gr?_fenroda",50.747635,10.810775,1877-03-31,426
"USA, Detroit (MI)",42.331427,-83.045754,"DEU, Gr?_fenroda",50.747635,10.810775,1877-10-28,357
"USA, Detroit (MI)",42.331427,-83.045754,"DEU, Gr?_fenroda",50.747635,10.810775,1878-08-14,438
"USA, Detroit (MI)",42.331427,-83.045754,"DEU, Gr?_fenroda",50.747635,10.810775,1880-07-26,485
"USA, Detroit (MI)",42.331427,-83.045754,"DEU, Gr?_fenroda",50.747635,10.810775,1880-11-24,442
"USA, Detroit (MI)",42.331427,-83.045754,"DEU, Gr?_fenroda",50.747635,10.810775,1863-05-02,306
"USA, Detroit (MI)",42.331427,-83.045754,"DEU, Gr?_fenroda",50.747635,10.810775,1864-08-03,388
"USA, Detroit (MI)",42.331427,-83.045754,"DEU, Gr?_fenroda",50.747635,10.810775,1870-10-02,550
"USA, Monroe (MI)",41.916434,-83.39771,"DEU, Nienhagen (Mecklenburg)",54.161424,11.953062,1895-11-21,360
"USA, Tonawanda (NY)",43.020335,-78.880315,"DEU, Nienhagen (Mecklenburg)",54.161424,11.953062,1893-10-20,522
"USA, Tonawanda (NY)",43.020335,-78.880315,"DEU, Nienhagen (Mecklenburg)",54.161424,11.953062,1898-07-31,401
"USA, Tonawanda (NY)",43.020335,-78.880315,"DEU, Nienhagen (Mecklenburg)",54.161424,11.953062,06/08/1902,274
"USA, Tonawanda (NY)",43.020335,-78.880315,"DEU, Nienhagen (Mecklenburg)",54.161424,11.953062,16/01/1910,227
"USA, Tonawanda (NY)",43.020335,-78.880315,"DEU, Nienhagen (Mecklenburg)",54.161424,11.953062,29/09/1916,466
"USA, Tonawanda (NY)",43.020335,-78.880315,"DEU, Nienhagen (Mecklenburg)",54.161424,11.953062,1893-10-20,409
"USA, Tonawanda (NY)",43.020335,-78.880315,"DEU, Nienhagen (Mecklenburg)",54.161424,11.953062,16/01/1910,363
"USA, Tonawanda (NY)",43.020335,-78.880315,"DEU, Nienhagen (Mecklenburg)",54.161424,11.953062,29/09/1916,319
"USA, Tonawanda (NY)",43.020335,-78.880315,"DEU, Nienhagen (Mecklenburg)",54.161424,11.953062,24/08/1914,510
"USA, Tonawanda (NY)",43.020335,-78.880315,"DEU, Nienhagen (Mecklenburg)",54.161424,11.953062,17/03/1903,320
"USA, Tonawanda (NY)",43.020335,-78.880315,"DEU, Nienhagen (Mecklenburg)",54.161424,11.953062,24/10/1904,392
"USA, St. Louis (MO)",38.627003,-90.199404,"DEU, Heilbronn",49.142693,9.210879,1857-09-15,336
"USA, Cincinnati (OH)",39.103118,-84.51202,"DEU, Heilbronn",49.142693,9.210879,1847-06-15,329
"USA, Warschau (IN)",41.2381,-85.853047,"DEU, Stuttgart",48.775846,9.182932,1848-12-22,405
"USA, Oak Grove (WI)",43.386106,-88.74566,"DEU, Neubrunn (TH)",50.49939,10.468045,1865-01-25,283
"USA, Oak Grove (WI)",43.386106,-88.74566,"DEU, Neubrunn (TH)",50.49939,10.468045,1865-10-17,363
"USA, Oak Grove (WI)",43.386106,-88.74566,"DEU, Neubrunn (TH)",50.49939,10.468045,1866-08-15,457
"USA, Oak Grove (WI)",43.386106,-88.74566,"DEU, Neubrunn (TH)",50.49939,10.468045,1867-10-17,401
"USA, Oak Grove (WI)",43.386106,-88.74566,"DEU, Neubrunn (TH)",50.49939,10.468045,1868-01-11,482
"USA, Oak Grove (WI)",43.386106,-88.74566,"DEU, Neubrunn (TH)",50.49939,10.468045,1869-01-12,403
"USA, Edwardsville (IL)",38.811436,-89.953157,"DEU, Neubrunn (TH)",50.49939,10.468045,1872-11-12,424
"USA, Edwardsville (IL)",38.811436,-89.953157,"DEU, Neubrunn (TH)",50.49939,10.468045,1873-08-21,280
"USA, Edwardsville (IL)",38.811436,-89.953157,"DEU, Neubrunn (TH)",50.49939,10.468045,1874-08-13,497
"USA, Edwardsville (IL)",38.811436,-89.953157,"DEU, Neubrunn (TH)",50.49939,10.468045,1875-05-16,378
"USA, Edwardsville (IL)",38.811436,-89.953157,"DEU, Neubrunn (TH)",50.49939,10.468045,1876-10-18,413
"USA, Edwardsville (IL)",38.811436,-89.953157,"DEU, Neubrunn (TH)",50.49939,10.468045,1879-07-30,342
"USA, Edwardsville (IL)",38.811436,-89.953157,"DEU, Neubrunn (TH)",50.49939,10.468045,1881-09-09,441
"USA, New York (NY)",40.712784,-74.005941,"DEU, Limbach (SA)",50.584022,12.252519,1884-08-10,381
"USA, Williamsburg (NY)",40.708116,-73.95707,"DEU, Limbach (SA)",50.584022,12.252519,1885-01-10,515
"USA, Williamsburg (NY)",40.708116,-73.95707,"DEU, Limbach (SA)",50.584022,12.252519,1885-04-01,72
"USA, Brooklyn (NY)",40.678178,-73.944158,"DEU, Limbach (SA)",50.584022,12.252519,1885-07-01,372
"USA, Brooklyn (NY)",40.678178,-73.944158,"DEU, Limbach (SA)",50.584022,12.252519,1885-11-14,255
"USA, San Francisco (CA)",37.77493,-122.419416,"DEU, Limbach (SA)",50.584022,12.252519,1886-04-12,286
"USA, San Francisco (CA)",37.77493,-122.419416,"DEU, Limbach (SA)",50.584022,12.252519,1887-08-19,453
"USA, San Francisco (CA)",37.77493,-122.419416,"DEU, Limbach (SA)",50.584022,12.252519,1887-10-10,390
"USA, San Francisco (CA)",37.77493,-122.419416,"DEU, Limbach (SA)",50.584022,12.252519,1891-12-09,298
"USA, San Francisco (CA)",37.77493,-122.419416,"DEU, Limbach (SA)",50.584022,12.252519,1892-05-11,467
"USA, San Francisco (CA)",37.77493,-122.419416,"DEU, Limbach (SA)",50.584022,12.252519,1887-10-10,471
"CHE,  Amrisweil",47.544972,9.300241,"DEU, Limbach (SA)",50.584022,12.252519,09/07/1902,283
"USA, Brooklyn (NY)",40.678178,-73.944158,"DEU, Limbach (SA)",50.584022,12.252519,1877-03-14,351
"USA, Union Hill (NY)",43.222841,-77.371658,"DEU, Limbach (SA)",50.584022,12.252519,1877-08-14,408
"USA, New York (NY)",40.712784,-74.005941,"DEU, Limbach (SA)",50.584022,12.252519,1880-02-04,492
"USA, New York (NY)",40.712784,-74.005941,"DEU, Limbach (SA)",50.584022,12.252519,1880-08-19,347
"USA, New York (NY)",40.712784,-74.005941,"DEU, Limbach (SA)",50.584022,12.252519,1880-12-05,462
"USA, New York (NY)",40.712784,-74.005941,"DEU, Limbach (SA)",50.584022,12.252519,1881-05-11,500
"USA, New York (NY)",40.712784,-74.005941,"DEU, Limbach (SA)",50.584022,12.252519,1881-08-03,414
"USA, New York (NY)",40.712784,-74.005941,"DEU, Limbach (SA)",50.584022,12.252519,1882-02-08,426
"USA, New York (NY)",40.712784,-74.005941,"DEU, Limbach (SA)",50.584022,12.252519,1882-04-12,407
"USA, New York (NY)",40.712784,-74.005941,"DEU, Limbach (SA)",50.584022,12.252519,1882-08-09,337
"USA, New York (NY)",40.712784,-74.005941,"DEU, Limbach (SA)",50.584022,12.252519,1882-12-05,444
"USA, New York (NY)",40.712784,-74.005941,"DEU, Limbach (SA)",50.584022,12.252519,1883-02-10,366
"USA, New York (NY)",40.712784,-74.005941,"DEU, Limbach (SA)",50.584022,12.252519,1883-04-18,397
"USA, New York (NY)",40.712784,-74.005941,"DEU, Limbach (SA)",50.584022,12.252519,1883-04-18,481
"USA, New York (NY)",40.712784,-74.005941,"DEU, Limbach (SA)",50.584022,12.252519,1883-04-18,511
"USA, New York (NY)",40.712784,-74.005941,"DEU, Limbach (SA)",50.584022,12.252519,1883-07-25,357
"USA, New York (NY)",40.712784,-74.005941,"DEU, Limbach (SA)",50.584022,12.252519,1883-09-28,339
"USA, New York (NY)",40.712784,-74.005941,"DEU, Limbach (SA)",50.584022,12.252519,1883-10-21,297
"USA, New York (NY)",40.712784,-74.005941,"DEU, Limbach (SA)",50.584022,12.252519,1884-04-26,434
"USA, New York (NY)",40.712784,-74.005941,"DEU, Limbach (SA)",50.584022,12.252519,1884-06-21,507
"USA, New York (NY)",40.712784,-74.005941,"DEU, Limbach (SA)",50.584022,12.252519,1884-08-10,359
"USA, Williamsburg (NY)",40.708116,-73.95707,"DEU, Limbach (SA)",50.584022,12.252519,1885-01-10,393
"USA, Brooklyn (NY)",40.678178,-73.944158,"DEU, Limbach (SA)",50.584022,12.252519,1885-07-01,607
"USA, Brooklyn (NY)",40.678178,-73.944158,"DEU, Limbach (SA)",50.584022,12.252519,1885-11-14,375
"USA, San Francisco (CA)",37.77493,-122.419416,"DEU, Limbach (SA)",50.584022,12.252519,1886-04-12,331
"USA, San Francisco (CA)",37.77493,-122.419416,"DEU, Limbach (SA)",50.584022,12.252519,1887-08-19,549
"USA, San Francisco (CA)",37.77493,-122.419416,"DEU, Limbach (SA)",50.584022,12.252519,1890-12-01,340
"USA, San Francisco (CA)",37.77493,-122.419416,"DEU, Limbach (SA)",50.584022,12.252519,1891-02-11,415
"USA, San Francisco (CA)",37.77493,-122.419416,"DEU, Limbach (SA)",50.584022,12.252519,1891-09-11,398
"USA, San Francisco (CA)",37.77493,-122.419416,"DEU, Limbach (SA)",50.584022,12.252519,1891-12-09,411
"USA, San Francisco (CA)",37.77493,-122.419416,"DEU, Limbach (SA)",50.584022,12.252519,1892-05-11,300
"USA, San Francisco (CA)",37.77493,-122.419416,"DEU, Limbach (SA)",50.584022,12.252519,1892-11-17,569
"USA, San Francisco (CA)",37.77493,-122.419416,"DEU, Limbach (SA)",50.584022,12.252519,1894-06-14,407
"USA, San Francisco (CA)",37.77493,-122.419416,"DEU, Limbach (SA)",50.584022,12.252519,1897-11-17,391
"USA, San Francisco (CA)",37.77493,-122.419416,"DEU, Limbach (SA)",50.584022,12.252519,11/08/1914,375
"CHE,  Amrisweil",47.544972,9.300241,"DEU, Limbach (SA)",50.584022,12.252519,14/05/1902,407
"CHE,  Amrisweil",47.544972,9.300241,"DEU, Limbach (SA)",50.584022,12.252519,18/02/1903,318
"CHE,  Amrisweil",47.544972,9.300241,"DEU, Limbach (SA)",50.584022,12.252519,01/07/1925,421
"USA, Sonoma (CA)",38.291859,-122.458036,"DEU, Limbach (SA)",50.584022,12.252519,22/07/1923,452
"USA, Sonoma (CA)",38.291859,-122.458036,"DEU, Limbach (SA)",50.584022,12.252519,25/12/1924,309
"USA, Sonoma (CA)",38.291859,-122.458036,"DEU, Limbach (SA)",50.584022,12.252519,18/07/1925,433
"USA, Richland County (OH)",40.756672,-82.518584,"DEU, Osnabr?_ck",52.279911,8.047179,1856-11-23,535
"USA, New Orleans (LA)",29.951066,-90.071532,"DEU, Osnabr?_ck",52.279911,8.047179,1854-12-20,443
"USA, Richland County (OH)",40.756672,-82.518584,"DEU, Osnabr?_ck",52.279911,8.047179,1846-07-22,432
"USA, Dayton (OH)",39.758948,-84.191607,"DEU, Osnabr?_ck",52.279911,8.047179,1856-10-30,339
"DEU, Oberwei??bach (TH)",50.581574,11.142585,"USA, Brooklyn (NY)",40.678178,-73.944158,02/03/1909,413
"USA, Brooklyn (NY)",40.678178,-73.944158,"DEU, Oberwei??bach (TH)",50.581574,11.142585,17/01/1914,616
"USA, Brooklyn (NY)",40.678178,-73.944158,"DEU, Oberwei??bach (TH)",50.581574,11.142585,1898-03-24,387
"USA, Brooklyn (NY)",40.678178,-73.944158,"DEU, Oberwei??bach (TH)",50.581574,11.142585,1898-07-29,403
"USA, Brooklyn (NY)",40.678178,-73.944158,"DEU, Oberwei??bach (TH)",50.581574,11.142585,08/08/1912,380
"USA, Brooklyn (NY)",40.678178,-73.944158,"DEU, Oberwei??bach (TH)",50.581574,11.142585,22/07/1930,549
"USA, Brooklyn (NY)",40.678178,-73.944158,"DEU, Oberwei??bach (TH)",50.581574,11.142585,26/12/1904,414
"USA, Brooklyn (NY)",40.678178,-73.944158,"DEU, Oberwei??bach (TH)",50.581574,11.142585,29/03/1913,330
"USA, Brooklyn (NY)",40.678178,-73.944158,"DEU, Oberwei??bach (TH)",50.581574,11.142585,30/04/1913,426
"USA, Brooklyn (NY)",40.678178,-73.944158,"DEU, Oberwei??bach (TH)",50.581574,11.142585,25/07/1913,276
"USA, Brooklyn (NY)",40.678178,-73.944158,"DEU, Oberwei??bach (TH)",50.581574,11.142585,17/01/1914,452
"USA, Brooklyn (NY)",40.678178,-73.944158,"DEU, Oberwei??bach (TH)",50.581574,11.142585,21/06/1917,439
"USA, Brooklyn (NY)",40.678178,-73.944158,"DEU, Oberwei??bach (TH)",50.581574,11.142585,20/11/1917,512
"USA, Brooklyn (NY)",40.678178,-73.944158,"DEU, Oberwei??bach (TH)",50.581574,11.142585,22/04/1926,405
"USA, Brooklyn (NY)",40.678178,-73.944158,"DEU, Oberwei??bach (TH)",50.581574,11.142585,29/05/1926,238
"USA, Brooklyn (NY)",40.678178,-73.944158,"DEU, Oberwei??bach (TH)",50.581574,11.142585,26/11/1926,296
"USA, Brooklyn (NY)",40.678178,-73.944158,"DEU, Oberwei??bach (TH)",50.581574,11.142585,17/09/1900,365
"USA, Brooklyn (NY)",40.678178,-73.944158,"DEU, Oberwei??bach (TH)",50.581574,11.142585,27/09/1900,440
"USA, Brooklyn (NY)",40.678178,-73.944158,"DEU, Oberwei??bach (TH)",50.581574,11.142585,03/02/1902,552
"USA, Brooklyn (NY)",40.678178,-73.944158,"DEU, Oberwei??bach (TH)",50.581574,11.142585,03/08/1902,449
"USA, Brooklyn (NY)",40.678178,-73.944158,"DEU, Oberwei??bach (TH)",50.581574,11.142585,07/07/1903,521
"USA, Brooklyn (NY)",40.678178,-73.944158,"DEU, Oberwei??bach (TH)",50.581574,11.142585,19/11/1905,407
"USA, Brooklyn (NY)",40.678178,-73.944158,"DEU, Oberwei??bach (TH)",50.581574,11.142585,30/09/1906,408
"USA, Brooklyn (NY)",40.678178,-73.944158,"DEU, Oberwei??bach (TH)",50.581574,11.142585,07/01/1907,459
"USA, Brooklyn (NY)",40.678178,-73.944158,"DEU, Oberwei??bach (TH)",50.581574,11.142585,07/05/1907,391
"USA, Brooklyn (NY)",40.678178,-73.944158,"DEU, Oberwei??bach (TH)",50.581574,11.142585,10/02/1908,332
"USA, Brooklyn (NY)",40.678178,-73.944158,"DEU, Oberwei??bach (TH)",50.581574,11.142585,17/04/1908,434
"USA, Brooklyn (NY)",40.678178,-73.944158,"DEU, Oberwei??bach (TH)",50.581574,11.142585,05/08/1908,364
"USA, Brooklyn (NY)",40.678178,-73.944158,"DEU, Oberwei??bach (TH)",50.581574,11.142585,09/11/1908,545
"USA, Brooklyn (NY)",40.678178,-73.944158,"DEU, Oberwei??bach (TH)",50.581574,11.142585,19/05/1909,331
"USA, Brooklyn (NY)",40.678178,-73.944158,"DEU, Oberwei??bach (TH)",50.581574,11.142585,23/12/1909,389
"USA, Brooklyn (NY)",40.678178,-73.944158,"DEU, Oberwei??bach (TH)",50.581574,11.142585,28/05/1913,510
"USA, Brooklyn (NY)",40.678178,-73.944158,"DEU, Oberwei??bach (TH)",50.581574,11.142585,27/06/1913,391
"USA, Brooklyn (NY)",40.678178,-73.944158,"DEU, Oberwei??bach (TH)",50.581574,11.142585,25/08/1913,338
"USA, Brooklyn (NY)",40.678178,-73.944158,"DEU, Oberwei??bach (TH)",50.581574,11.142585,21/06/1916,237
"USA, Brooklyn (NY)",40.678178,-73.944158,"DEU, Oberwei??bach (TH)",50.581574,11.142585,09/03/1927,391
"USA, Brooklyn (NY)",40.678178,-73.944158,"DEU, Oberwei??bach (TH)",50.581574,11.142585,20/03/1917,429
"USA, Brooklyn (NY)",40.678178,-73.944158,"DEU, Oberwei??bach (TH)",50.581574,11.142585,28/12/1917,392
"USA, Brooklyn (NY)",40.678178,-73.944158,"DEU, Oberwei??bach (TH)",50.581574,11.142585,13/07/1925,234
"USA, Brooklyn (NY)",40.678178,-73.944158,"DEU, Oberwei??bach (TH)",50.581574,11.142585,16/05/1926,585
"USA, Brooklyn (NY)",40.678178,-73.944158,"DEU, Oberwei??bach (TH)",50.581574,11.142585,13/07/1926,443
"USA, Brooklyn (NY)",40.678178,-73.944158,"DEU, Oberwei??bach (TH)",50.581574,11.142585,29/09/1926,456
"USA, Brooklyn (NY)",40.678178,-73.944158,"DEU, Oberwei??bach (TH)",50.581574,11.142585,25/01/1930,349
"USA, Brooklyn (NY)",40.678178,-73.944158,"DEU, Oberwei??bach (TH)",50.581574,11.142585,31/01/1930,427
"USA, Waterloo (WI)",43.183884,-88.988442,"DEU, Roda (TH)",50.93123,11.016121,1865-05-03,348
"USA, Waterloo (WI)",43.183884,-88.988442,"DEU, Roda (TH)",50.93123,11.016121,1865-12-27,478
"USA, Amherst, Portage Co. (WI)",44.450808,-89.284836,"DEU, Roda (TH)",50.93123,11.016121,1866-03-31,322
"USA, Amherst, Portage Co. (WI)",44.450808,-89.284836,"DEU, Roda (TH)",50.93123,11.016121,1870-08-26,406
"USA, Amherst, Portage Co. (WI)",44.450808,-89.284836,"DEU, Roda (TH)",50.93123,11.016121,1871-10-04,479
"USA, Amherst, Portage Co. (WI)",44.450808,-89.284836,"DEU, Roda (TH)",50.93123,11.016121,1872-08-14,244
"USA, Amherst, Portage Co. (WI)",44.450808,-89.284836,"DEU, Roda (TH)",50.93123,11.016121,1872-12-25,420
"USA, Amherst, Portage Co. (WI)",44.450808,-89.284836,"DEU, Roda (TH)",50.93123,11.016121,1873-07-07,454
"USA, Amherst, Portage Co. (WI)",44.450808,-89.284836,"DEU, Roda (TH)",50.93123,11.016121,1874-03-21,618
"USA, Amherst, Portage Co. (WI)",44.450808,-89.284836,"DEU, Roda (TH)",50.93123,11.016121,1875-05-26,382
"USA, Amherst, Portage Co. (WI)",44.450808,-89.284836,"DEU, Roda (TH)",50.93123,11.016121,1877-09-25,574
"USA, Amherst, Portage Co. (WI)",44.450808,-89.284836,"DEU, Roda (TH)",50.93123,11.016121,1877-11-15,376
"USA, Amherst, Portage Co. (WI)",44.450808,-89.284836,"DEU, Roda (TH)",50.93123,11.016121,1878-04-17,418
"USA, Amherst, Portage Co. (WI)",44.450808,-89.284836,"DEU, Roda (TH)",50.93123,11.016121,1878-08-21,422
"USA, Amherst, Portage Co. (WI)",44.450808,-89.284836,"DEU, Roda (TH)",50.93123,11.016121,1879-04-30,382
"USA, Amherst, Portage Co. (WI)",44.450808,-89.284836,"DEU, Roda (TH)",50.93123,11.016121,1883-05-02,332
"USA, Amherst, Portage Co. (WI)",44.450808,-89.284836,"DEU, Roda (TH)",50.93123,11.016121,1885-08-06,582
"USA, Amherst, Portage Co. (WI)",44.450808,-89.284836,"DEU, Roda (TH)",50.93123,11.016121,1885-12-05,397
"USA, Chicago (IL)",41.878114,-87.629798,"USA, Kansas / Cincinati",38.090335,-96.889238,1884-06-19,374
"USA, Minneapolis (MN) (MN)",44.977753,-93.265011,"DEU, Apolda (TH)",51.02601,11.51555,22/12/1912,452
"DEU, Gr?_fenthal (TH)",50.525772,11.310406,"USA, New York (NY)",40.712784,-74.005941,1891-10-29,314
"DEU, Piesau (TH)",50.512949,11.21717,"USA, New York (NY)",40.712784,-74.005941,1891-05-09,200
"DEU, Piesau (TH)",50.512949,11.21717,"USA, New York (NY)",40.712784,-74.005941,1891-08-23,386
"USA, Austin (TX)",30.267153,-97.743061,"DEU, Piesau (TH)",50.512949,11.21717,1879-10-09,393
"USA, Austin (TX)",30.267153,-97.743061,"DEU, Piesau (TH)",50.512949,11.21717,1880-05-03,381
"USA, Austin (TX)",30.267153,-97.743061,"DEU, Piesau (TH)",50.512949,11.21717,1883-04-21,407
"USA, Austin (TX)",30.267153,-97.743061,"DEU, Piesau (TH)",50.512949,11.21717,1884-05-05,578
"USA, Austin (TX)",30.267153,-97.743061,"DEU, Piesau (TH)",50.512949,11.21717,1884-07-16,440
"USA, Austin (TX)",30.267153,-97.743061,"DEU, Piesau (TH)",50.512949,11.21717,1886-07-13,341
"USA, New York (NY)",40.712784,-74.005941,"DEU, Piesau (TH)",50.512949,11.21717,1891-03-14,365
"USA, New York (NY)",40.712784,-74.005941,"DEU, Piesau (TH)",50.512949,11.21717,1891-03-16,281
"USA, New York (NY)",40.712784,-74.005941,"DEU, Piesau (TH)",50.512949,11.21717,1891-04-08,511
"USA, New York (NY)",40.712784,-74.005941,"DEU, Piesau (TH)",50.512949,11.21717,1891-04-16,457
"USA, New York (NY)",40.712784,-74.005941,"DEU, Piesau (TH)",50.512949,11.21717,1891-05-11,416
"USA, New York (NY)",40.712784,-74.005941,"DEU, Piesau (TH)",50.512949,11.21717,1891-06-22,337
"USA, Brenham (TX)",30.166883,-96.397744,"DEU, Piesau (TH)",50.512949,11.21717,1891-07-08,425
"USA, Brenham (TX)",30.166883,-96.397744,"DEU, Piesau (TH)",50.512949,11.21717,1891-09-02,297
"USA, Brenham (TX)",30.166883,-96.397744,"DEU, Piesau (TH)",50.512949,11.21717,1891-09-17,454
"USA, Brenham (TX)",30.166883,-96.397744,"DEU, Piesau (TH)",50.512949,11.21717,1891-11-04,350
"USA, Brenham (TX)",30.166883,-96.397744,"DEU, Piesau (TH)",50.512949,11.21717,1891-11-11,387
"USA, Brenham (TX)",30.166883,-96.397744,"DEU, Piesau (TH)",50.512949,11.21717,1891-11-30,351
"USA, Brenham (TX)",30.166883,-96.397744,"DEU, Piesau (TH)",50.512949,11.21717,1891-12-19,341
"USA, Brenham (TX)",30.166883,-96.397744,"DEU, Piesau (TH)",50.512949,11.21717,1894-06-23,547
"AUS, Sydney",-33.867487,151.20699,"DEU, Leisnig (SA)",51.15772,12.928458,06/02/1907,482
"AUS, Melbourne",-37.814107,144.96328,"DEU, Leisnig (SA)",51.15772,12.928458,16/04/1904,355
"AUS, Melbourne",-37.814107,144.96328,"DEU, Leisnig (SA)",51.15772,12.928458,24/01/1907,431
"DEU, Hamburg",53.551085,9.993682,"DEU, Leisnig (SA)",51.15772,12.928458,21/07/1902,308
"BEL, Antwerpen",51.219448,4.402464,"DEU, Leisnig (SA)",51.15772,12.928458,17/03/1920,371
"DEU, Leipzig (SA)",51.410476,12.754026,"DEU, Leisnig (SA)",51.15772,12.928458,1892-02-11,432
"AUT, Wien",48.111788,16.320432,"DEU, Leisnig (SA)",51.15772,12.928458,02/12/1907,345
"BEL, Antwerpen",51.219448,4.402464,"DEU, Leisnig (SA)",51.15772,12.928458,11/02/1908,375
"AUS, Coolgardie",-30.954654,121.164896,"DEU, Leisnig (SA)",51.15772,12.928458,22/08/1908,446
"AUS, Golden Valley",-41.621177,146.70079,"DEU, Leisnig (SA)",51.15772,12.928458,30/03/1909,417
"AUS, Golden Valley",-41.621177,146.70079,"DEU, Leisnig (SA)",51.15772,12.928458,26/04/1909,304
"AUS, Golden Valley",-41.621177,146.70079,"DEU, Leisnig (SA)",51.15772,12.928458,28/11/1909,432
"AUS, Golden Valley",-41.621177,146.70079,"DEU, Leisnig (SA)",51.15772,12.928458,30/08/1910,313
"AUS, Golden Valley",-41.621177,146.70079,"DEU, Leisnig (SA)",51.15772,12.928458,05/10/1914,291
"AUS, Golden Valley",-41.621177,146.70079,"DEU, Leisnig (SA)",51.15772,12.928458,30/11/1915,467
"AUS, Boulder",-30.781984,121.488357,"DEU, Leisnig (SA)",51.15772,12.928458,10/10/1916,430
"AUS, Boulder",-30.781984,121.488357,"DEU, Leisnig (SA)",51.15772,12.928458,31/12/1916,432
"AUS, Moolyelle",-36.795424,140.936517,"DEU, Leisnig (SA)",51.15772,12.928458,19/05/1918,615
"AUS, Moolyelle",-36.795424,140.936517,"DEU, Leisnig (SA)",51.15772,12.928458,17/12/1918,343
"AUS, Waverly",-31.860216,151.08925,"DEU, Leisnig (SA)",51.15772,12.928458,01/12/1920,302
"AUS, Waverly",-31.860216,151.08925,"DEU, Leisnig (SA)",51.15772,12.928458,24/04/1921,497
"AUS, Waverly",-31.860216,151.08925,"DEU, Leisnig (SA)",51.15772,12.928458,30/05/1921,243
"AUS, Ora Banda",-30.375476,121.061734,"DEU, Leisnig (SA)",51.15772,12.928458,10/02/1924,492
"AUS, Kunanalling",-30.722529,121.452692,"DEU, Leisnig (SA)",51.15772,12.928458,29/11/1924,442
"USA, Walhalla (ND)",48.923328,-97.918148,"DEU, Wismar",53.897942,11.451602,1897-09-10,503
"USA, Walhalla (ND)",48.923328,-97.918148,"DEU, Wismar",53.897942,11.451602,10/09/1900,382
"USA, Walhalla (ND)",48.923328,-97.918148,"DEU, Wismar",53.897942,11.451602,18/09/1900,445
"USA, Walhalla (ND)",48.923328,-97.918148,"DEU, Wismar",53.897942,11.451602,19/07/1905,396
"USA, Walhalla (ND)",48.923328,-97.918148,"DEU, Wismar",53.897942,11.451602,24/10/1931,420
"USA, Walhalla (ND)",48.923328,-97.918148,"DEU, Wismar",53.897942,11.451602,12/02/1932,338
"USA, Walhalla (ND)",48.923328,-97.918148,"DEU, Wismar",53.897942,11.451602,26/04/1932,334
"BEL, Antwerpen (Schiff Sorrento)",51.219448,4.402464,"DEU, Wismar",53.897942,11.451602,1892-07-28,398
"GBR, London (Schiff Sorrento)",51.507351,-0.127758,"DEU, Wismar",53.897942,11.451602,1892-08-01,514
"EGY, London (Schiff Sorrento)",31.523585,34.610263,"DEU, Wismar",53.897942,11.451602,1892-08-07,603
"EGY, London (Schiff Sorrento)",31.523585,34.610263,"DEU, Wismar",53.897942,11.451602,1892-08-23,495
"GBR, London (Schiff Sorrento)",51.507351,-0.127758,"DEU, Wismar",53.897942,11.451602,1892-09-01,265
"AUS, Sydney",-33.867487,151.20699,"DEU, Wismar",53.897942,11.451602,1893-05-17,158
"AUS, Sydney",-33.867487,151.20699,"DEU, Wismar",53.897942,11.451602,1895-06-23,334
"AUS, Yougilbar",-30.906935,153.039257,"DEU, Wismar",53.897942,11.451602,1896-02-03,363
"AUS, Lionsville",-29.192004,152.504916,"DEU, Wismar",53.897942,11.451602,1896-03-24,539
"AUS, Lionsville",-29.192004,152.504916,"DEU, Wismar",53.897942,11.451602,1898-04-12,381
"AUS, Lionsville",-29.192004,152.504916,"DEU, Wismar",53.897942,11.451602,31/03/1900,401
"USA, Cavalier (ND)",48.793881,-97.62231,"DEU, Leipzig",51.339696,12.373075,06/11/1947,509
"USA, Walhalla (ND)",48.923328,-97.918148,"DEU, Leipzig",51.339696,12.373075,13/11/1958,358
"USA, Cavalier (ND)",48.793881,-97.62231,"DEU, Leipzig",51.339696,12.373075,14/04/1934,450
"USA, Cavalier (ND)",48.793881,-97.62231,"DEU, Leipzig",51.339696,12.373075,18/07/1934,401
"USA, New York (NY)",40.712784,-74.005941,"GDR, Zwickau",50.710217,12.473372,06/09/1949,404
"USA, Chicago (IL)",41.878114,-87.629798,"GDR, Zwickau",50.710217,12.473372,02/04/1950,416
"USA, Oliverea (NY)",42.065369,-74.460152,"USA, New York (NY)",40.712784,-74.005941,11/11/1967,449
"USA, New York (NY)",40.712784,-74.005941,"GDR, Zwickau",50.710217,12.473372,03/01/1968,345
"USA, New York (NY)",40.712784,-74.005941,"GDR, Zwickau",50.710217,12.473372,23/07/1971,324
"USA, New York (NY)",40.712784,-74.005941,"GDR, Zwickau",50.710217,12.473372,01/08/1971,419
"USA, New York (NY)",40.712784,-74.005941,"GDR, Zwickau",50.710217,12.473372,27/08/1971,460
"USA, New York (NY)",40.712784,-74.005941,"GDR, Zwickau",50.710217,12.473372,21/09/1974,284
"DEU, Bremen",53.079296,8.801694,"GDR, Zwickau",50.710217,12.473372,27/02/1975,374
"DEU, Bremen",53.079296,8.801694,"GDR, Zwickau",50.710217,12.473372,02/03/1975,367
"USA, New York (NY)",40.712784,-74.005941,"GDR, Zwickau",50.710217,12.473372,07/03/1975,348
"USA, New York (NY)",40.712784,-74.005941,"GDR, Zwickau",50.710217,12.473372,13/03/1975,385
"DEU, Bremen",53.079296,8.801694,"GDR, Zwickau",50.710217,12.473372,14/03/1975,319
"USA, New York (NY)",40.712784,-74.005941,"GDR, Zwickau",50.710217,12.473372,04/05/1975,479
"USA, New York (NY)",40.712784,-74.005941,"GDR, Zwickau",50.710217,12.473372,16/05/1975,379
"USA, New York (NY)",40.712784,-74.005941,"GDR, Zwickau",50.710217,12.473372,17/05/1975,496
"USA, New York (NY)",40.712784,-74.005941,"GDR, Zwickau",50.710217,12.473372,27/05/1975,428
"USA, New York (NY)",40.712784,-74.005941,"GDR, Zwickau",50.710217,12.473372,15/06/1975,448
"USA, New York (NY)",40.712784,-74.005941,"GDR, Zwickau",50.710217,12.473372,24/06/1975,446
"USA, New York (NY)",40.712784,-74.005941,"GDR, Zwickau",50.710217,12.473372,12/07/1975,529
"USA, New York (NY)",40.712784,-74.005941,"GDR, Zwickau",50.710217,12.473372,23/07/1975,287
"USA, New York (NY)",40.712784,-74.005941,"GDR, Zwickau",50.710217,12.473372,16/08/1975,361
"USA, New York (NY)",40.712784,-74.005941,"GDR, Zwickau",50.710217,12.473372,07/09/1975,489
"USA, New York (NY)",40.712784,-74.005941,"GDR, Zwickau",50.710217,12.473372,27/09/1975,400
"USA, New York (NY)",40.712784,-74.005941,"GDR, Zwickau",50.710217,12.473372,13/10/1975,351
"USA, New York (NY)",40.712784,-74.005941,"GDR, Zwickau",50.710217,12.473372,19/10/1975,406
"USA, New York (NY)",40.712784,-74.005941,"GDR, Zwickau",50.710217,12.473372,05/11/1975,439
"USA, New York (NY)",40.712784,-74.005941,"GDR, Zwickau",50.710217,12.473372,16/04/1976,280
"USA, New York (NY)",40.712784,-74.005941,"GDR, Zwickau",50.710217,12.473372,11/12/1975,400
"USA, New York (NY)",40.712784,-74.005941,"GDR, Zwickau",50.710217,12.473372,05/01/1976,404
"USA, New York (NY)",40.712784,-74.005941,"GDR, Zwickau",50.710217,12.473372,09/02/1976,308
"USA, New York (NY)",40.712784,-74.005941,"GDR, Zwickau",50.710217,12.473372,28/02/1976,426
"USA, New York (NY)",40.712784,-74.005941,"GDR, Zwickau",50.710217,12.473372,25/03/1976,402
"USA, New York (NY)",40.712784,-74.005941,"GDR, Zwickau",50.710217,12.473372,09/04/1976,423
"USA, New York (NY)",40.712784,-74.005941,"GDR, Zwickau",50.710217,12.473372,13/04/1976,481
"USA, New York (NY)",40.712784,-74.005941,"GDR, Zwickau",50.710217,12.473372,21/04/1976,460
"USA, New York (NY)",40.712784,-74.005941,"GDR, Zwickau",50.710217,12.473372,20/05/1976,368
"USA, New York (NY)",40.712784,-74.005941,"GDR, Zwickau",50.710217,12.473372,31/05/1976,289
"USA, New York (NY)",40.712784,-74.005941,"GDR, Zwickau",50.710217,12.473372,02/07/1976,409
"USA, New York (NY)",40.712784,-74.005941,"GDR, Zwickau",50.710217,12.473372,09/07/1976,386
"USA, New York (NY)",40.712784,-74.005941,"GDR, Zwickau",50.710217,12.473372,24/07/1976,447
"USA, New York (NY)",40.712784,-74.005941,"GDR, Zwickau",50.710217,12.473372,08/08/1976,560
"USA, New York (NY)",40.712784,-74.005941,"GDR, Zwickau",50.710217,12.473372,13/09/1976,373
"USA, New York (NY)",40.712784,-74.005941,"GDR, Zwickau",50.710217,12.473372,03/10/1976,582
"USA, New York (NY)",40.712784,-74.005941,"GDR, Zwickau",50.710217,12.473372,31/10/1976,350
"USA, New York (NY)",40.712784,-74.005941,"GDR, Zwickau",50.710217,12.473372,25/11/1976,478
"USA, New York (NY)",40.712784,-74.005941,"GDR, Zwickau",50.710217,12.473372,22/11/1976,560
"USA, New York (NY)",40.712784,-74.005941,"GDR, Zwickau",50.710217,12.473372,25/11/1976,457
"USA, New York (NY)",40.712784,-74.005941,"GDR, Zwickau",50.710217,12.473372,22/12/1976,414
"USA, New York (NY)",40.712784,-74.005941,"GDR, Zwickau",50.710217,12.473372,30/12/1976,362
"USA, New York (NY)",40.712784,-74.005941,"GDR, Zwickau",50.710217,12.473372,13/01/1977,555
"USA, New York (NY)",40.712784,-74.005941,"GDR, Zwickau",50.710217,12.473372,03/02/1977,473
"USA, New York (NY)",40.712784,-74.005941,"GDR, Zwickau",50.710217,12.473372,24/02/1977,472
"USA, New York (NY)",40.712784,-74.005941,"GDR, Zwickau",50.710217,12.473372,11/03/1977,340
"USA, New York (NY)",40.712784,-74.005941,"GDR, Zwickau",50.710217,12.473372,27/03/1977,492
"USA, New York (NY)",40.712784,-74.005941,"GDR, Zwickau",50.710217,12.473372,30/08/1977,318
"USA, New York (NY)",40.712784,-74.005941,"GDR, Zwickau",50.710217,12.473372,05/08/1978,411
"USA, New York (NY)",40.712784,-74.005941,"GDR, Zwickau",50.710217,12.473372,09/09/1978,242
"USA, New York (NY)",40.712784,-74.005941,"GDR, Zwickau",50.710217,12.473372,12/04/1979,412
"USA, New York (NY)",40.712784,-74.005941,"GDR, Zwickau",50.710217,12.473372,09/05/1979,396
"USA, New York (NY)",40.712784,-74.005941,"GDR, Zwickau",50.710217,12.473372,11/12/1975,508
"USA, Yellowstone (WY)",44.427963,-110.588455,"GDR, Zwickau",50.710217,12.473372,02/04/1975,365
"USA, New York (NY)",40.712784,-74.005941,"GDR, Zwickau",50.710217,12.473372,25/06/1958,446
"USA, New York (NY)",40.712784,-74.005941,"GDR, Zwickau",50.710217,12.473372,13/03/1975,517
"USA, New York (NY)",40.712784,-74.005941,"GDR, Zwickau",50.710217,12.473372,27/05/1975,370
"USA, New York (NY)",40.712784,-74.005941,"GDR, Zwickau",50.710217,12.473372,12/07/1975,311
"USA, New York (NY)",40.712784,-74.005941,"GDR, Zwickau",50.710217,12.473372,07/09/1975,384
"USA, New York (NY)",40.712784,-74.005941,"GDR, Zwickau",50.710217,12.473372,11/12/1975,382
"USA, New York (NY)",40.712784,-74.005941,"GDR, Zwickau",50.710217,12.473372,12/04/1976,439
"USA, New York (NY)",40.712784,-74.005941,"GDR, Zwickau",50.710217,12.473372,03/10/1976,469
"USA, New York (NY)",40.712784,-74.005941,"GDR, Zwickau",50.710217,12.473372,13/01/1977,457
"USA, New York (NY)",40.712784,-74.005941,"GDR, Zwickau",50.710217,12.473372,24/02/1977,426
"USA, New York (NY)",40.712784,-74.005941,"GDR, Zwickau",50.710217,12.473372,12/06/1977,344
"USA, Trenton (NJ)",40.217053,-74.742938,"DEU, M?_hlhausen (TH)",51.209865,10.4571,1862-09-28,476
"USA, Trenton (NJ)",40.217053,-74.742938,"DEU, M?_hlhausen (TH)",51.209865,10.4571,1863-08-20,403
"USA, Trenton (NJ)",40.217053,-74.742938,"DEU, M?_hlhausen (TH)",51.209865,10.4571,1867-06-10,332
"USA, Trenton (NJ)",40.217053,-74.742938,"DEU, M?_hlhausen (TH)",51.209865,10.4571,1870-11-09,352
"USA, Trenton (NJ)",40.217053,-74.742938,"DEU, M?_hlhausen (TH)",51.209865,10.4571,1871-09-13,365
"USA, Trenton (NJ)",40.217053,-74.742938,"DEU, M?_hlhausen (TH)",51.209865,10.4571,1872-05-22,381
"USA, Trenton (NJ)",40.217053,-74.742938,"DEU, M?_hlhausen (TH)",51.209865,10.4571,1872-12-15,399
"USA, Trenton (NJ)",40.217053,-74.742938,"DEU, M?_hlhausen (TH)",51.209865,10.4571,1878-12-14,381
"DEU, Erfurt (TH)",50.984768,11.02988,"DEU, M?_hlhausen (TH)",51.209865,10.4571,1851-11-17,322
"USA, Perry (OK)",36.289486,-97.288098,"DEU, Jena (TH)",50.927054,11.589237,05/09/1936,572
"USA, Shamrock (OK)",35.910069,-96.583905,"DEU, Jena (TH)",50.927054,11.589237,15/10/1936,401
"USA, Perry (OK)",36.289486,-97.288098,"DEU, Jena (TH)",50.927054,11.589237,01/12/1936,409
"USA, Midford (OK)",36.806973,-97.733664,"DEU, Jena (TH)",50.927054,11.589237,09/01/1937,306
"USA, Wellington (KS)",37.2653,-97.371712,"DEU, Jena (TH)",50.927054,11.589237,03/05/1937,355
"USA, Rochester (NY)",43.16103,-77.610922,"DEU, Jena (TH)",50.927054,11.589237,21/12/1957,331
"USA, Rochester (NY)",43.16103,-77.610922,"DEU, Jena (TH)",50.927054,11.589237,17/04/1958,562
"USA, Rochester (NY)",43.16103,-77.610922,"DEU, Jena (TH)",50.927054,11.589237,10/12/1938,439
"USA, Rochester (NY)",43.16103,-77.610922,"DEU, Jena (TH)",50.927054,11.589237,06/01/1939,481
"USA, Rochester (NY)",43.16103,-77.610922,"DEU, Jena (TH)",50.927054,11.589237,22/03/1939,249
"USA, Rochester (NY)",43.16103,-77.610922,"DEU, Jena (TH)",50.927054,11.589237,28/06/1939,393
"USA, Rochester (NY)",43.16103,-77.610922,"DEU, Jena (TH)",50.927054,11.589237,13/11/1939,404
"USA, Rochester (NY)",43.16103,-77.610922,"DEU, Jena (TH)",50.927054,11.589237,30/01/1941,400
"USA, Pittsburgh (PN)",40.440625,-79.995886,"DEU, Jena (TH)",50.927054,11.589237,08/02/1943,518
"USA, Pittsburgh (PN)",40.440625,-79.995886,"DEU, Jena (TH)",50.927054,11.589237,19/06/1943,538
"USA, Pittsburgh (PN)",40.440625,-79.995886,"DEU, Jena (TH)",50.927054,11.589237,13/02/1944,334
"USA, Pittsburgh (PN)",40.440625,-79.995886,"DEU, Jena (TH)",50.927054,11.589237,05/01/1945,388
"USA, Pittsburgh (PN)",40.440625,-79.995886,"DEU, Jena (TH)",50.927054,11.589237,21/08/1945,312
"USA, Pittsburgh (PN)",40.440625,-79.995886,"DEU, Jena (TH)",50.927054,11.589237,30/06/1948,451
"USA, Brownfield (TX)",33.181204,-102.274349,"DEU, Jena (TH)",50.927054,11.589237,21/06/1949,435
"USA, Plainview (TX)",34.184794,-101.706842,"DEU, Jena (TH)",50.927054,11.589237,24/11/1957,239
"USA, Plainview (TX)",34.184794,-101.706842,"DEU, Jena (TH)",50.927054,11.589237,01/06/1958,458
"USA, Lubbock (TX)",33.577863,-101.855166,"DEU, Jena (TH)",50.927054,11.589237,17/07/1958,315
"USA, Lubbock (TX)",33.577863,-101.855166,"DEU, Jena (TH)",50.927054,11.589237,01/11/1958,320
"USA, Sweetwater (TX)",32.470952,-100.405938,"DEU, Jena (TH)",50.927054,11.589237,18/12/1958,433
"USA, Sweetwater (TX)",32.470952,-100.405938,"DEU, Jena (TH)",50.927054,11.589237,19/02/1959,436
"USA, Lubbock (TX)",33.577863,-101.855166,"DEU, Jena (TH)",50.927054,11.589237,30/04/1959,372
"USA, Spur (TX)",33.476477,-100.855686,"DEU, Jena (TH)",50.927054,11.589237,04/08/1959,335
"USA, Haskell (TX)",33.157603,-99.733701,"DEU, Jena (TH)",50.927054,11.589237,16/11/1959,430
"USA, Lubbock (TX)",33.577863,-101.855166,"DEU, Jena (TH)",50.927054,11.589237,23/01/1960,464
"USA, Lamesa (TX)",32.7376,-101.950992,"DEU, Jena (TH)",50.927054,11.589237,06/03/1960,312
"USA, Lamesa (TX)",32.7376,-101.950992,"DEU, Jena (TH)",50.927054,11.589237,18/05/1960,271
"USA, Lamesa (TX)",32.7376,-101.950992,"DEU, Jena (TH)",50.927054,11.589237,02/07/1960,427
"USA, Rochester (NY)",43.16103,-77.610922,"DEU, Jena (TH)",50.927054,11.589237,13/01/1961,564
"USA, Lubbock (TX)",33.577863,-101.855166,"DEU, Jena (TH)",50.927054,11.589237,24/05/1961,371
"USA, Big Spring (TX)",32.250398,-101.478735,"DEU, Jena (TH)",50.927054,11.589237,17/07/1961,356
"USA, Haskell (TX)",33.157603,-99.733701,"DEU, Jena (TH)",50.927054,11.589237,28/09/1961,436
"USA, Seymour (TX)",33.594261,-99.260353,"DEU, Jena (TH)",50.927054,11.589237,18/10/1961,408
"USA, Seymour (TX)",33.594261,-99.260353,"DEU, Jena (TH)",50.927054,11.589237,07/12/1961,488
"USA, Guanah (TX)",34.297855,-99.740372,"DEU, Jena (TH)",50.927054,11.589237,01/06/1962,511
"USA, Lubbock (TX)",33.577863,-101.855166,"DEU, Jena (TH)",50.927054,11.589237,14/10/1962,401
"USA, Perryto (TX)",36.400031,-100.802651,"DEU, Jena (TH)",50.927054,11.589237,14/05/1964,492
"USA, Burlington (CO)",39.306108,-102.269356,"DEU, Jena (TH)",50.927054,11.589237,06/03/1965,456
"USA, Stratton (CO)",39.303328,-102.604645,"DEU, Jena (TH)",50.927054,11.589237,02/08/1965,445
"USA, Ozona (TX)",30.702225,-101.201382,"DEU, Jena (TH)",50.927054,11.589237,05/06/1969,218
"USA, Ozona (TX)",30.702225,-101.201382,"DEU, Jena (TH)",50.927054,11.589237,08/08/1969,346
"USA, Seminole (TX)",32.718993,-102.64491,"DEU, Jena (TH)",50.927054,11.589237,27/08/1976,414
"USA, Seminole (TX)",32.718993,-102.64491,"DEU, Jena (TH)",50.927054,11.589237,29/04/1978,376
"USA, Seminole (TX)",32.718993,-102.64491,"DEU, Jena (TH)",50.927054,11.589237,07/10/1978,534
"DEU, Jena (TH)",50.927054,11.589237,"USA, Texas (various places)",33.079122,-96.730983,14/12/1959,460
"DEU, Jena (TH)",50.927054,11.589237,"USA, Texas (various places)",33.079122,-96.730983,19/01/1960,383
"DEU, Jena (TH)",50.927054,11.589237,"USA, Texas (various places)",33.079122,-96.730983,01/10/1961,438
"DEU, Jena (TH)",50.927054,11.589237,"USA, Texas (various places)",33.079122,-96.730983,17/10/1961,274
"DEU, Jena (TH)",50.927054,11.589237,"USA, Texas (various places)",33.079122,-96.730983,21/10/1961,461
"DEU, Jena (TH)",50.927054,11.589237,"USA, Texas (various places)",33.079122,-96.730983,10/11/1961,417
"DEU, Jena (TH)",50.927054,11.589237,"USA, Texas (various places)",33.079122,-96.730983,28/12/1961,427
"USA, Philadelphia (PA)",39.952584,-75.165222,"DEU, Lobenstein",50.449532,11.64425,1844-10-22,431
"USA, Philadelphia (PA)",39.952584,-75.165222,"DEU, Lobenstein",50.449532,11.64425,1846-08-02,293
"DEU, Lobenstein",50.449532,11.64425,"USA, Philadelphia (PA)",39.952584,-75.165222,1844-01-12,448
"DEU, Lobenstein",50.449532,11.64425,"USA, New York (NY)",40.712784,-74.005941,1844-07-07,345
"USA, New York (NY)",40.712784,-74.005941,"DEU, Lobenstein",50.449532,11.64425,1872-01-25,312
"USA, New York (NY)",40.712784,-74.005941,"DEU, Lobenstein",50.449532,11.64425,1873-05-27,363
"DEU, Glasin",53.911305,11.73608,"USA, Sandy Crick (VI)",42.873573,-91.07783,1863-08-12,447
"DEU, Glasin",53.911305,11.73608,"USA, Sandy Crick (VI)",42.873573,-91.07783,1863-12-19,463
"DEU, Glasin",53.911305,11.73608,"USA, Bellville (VI)",42.151721,-83.531129,1868-02-21,360
"USA, Cleveland (OH)",41.49932,-81.694361,"DEU, Remptendorf (TH)",50.528715,11.659751,1872-03-24,413
"USA, Cleveland (OH)",41.49932,-81.694361,"DEU, Remptendorf (TH)",50.528715,11.659751,1872-12-05,194
"USA, Frederick  Maryland",39.414269,-77.410541,"DEU, Remptendorf (TH)",50.528715,11.659751,1873-01-25,301
"USA, Covington (KY)",39.083671,-84.508554,"DEU, Remptendorf (TH)",50.528715,11.659751,1873-04-03,480
"USA, Brooko Station",42.426241,-71.89524,"DEU, Remptendorf (TH)",50.528715,11.659751,1873-09-13,339
"USA, Ohio (OH)",40.417287,-82.907123,"DEU, Remptendorf (TH)",50.528715,11.659751,1873-10-09,320
"USA, Ohio (OH)",40.417287,-82.907123,"DEU, Remptendorf (TH)",50.528715,11.659751,1873-11-03,430
"USA, O. Folly Island (SC)",32.665642,-79.920669,"DEU, Remptendorf (TH)",50.528715,11.659751,1874-03-20,241
"USA, O. Folly Island (SC)",32.665642,-79.920669,"DEU, Remptendorf (TH)",50.528715,11.659751,1874-05-27,322
"USA, Fernandina (FL)",30.332184,-81.655651,"DEU, Remptendorf (TH)",50.528715,11.659751,1874-12-31,273
"USA, Fernandina (FL)",30.332184,-81.655651,"DEU, Remptendorf (TH)",50.528715,11.659751,1875-02-26,339
"USA, Fernandina (FL)",30.332184,-81.655651,"DEU, Remptendorf (TH)",50.528715,11.659751,1875-03-14,428
"USA, Fernandina (FL)",30.332184,-81.655651,"DEU, Remptendorf (TH)",50.528715,11.659751,1875-08-02,210
"USA, Fernandina (FL)",30.332184,-81.655651,"DEU, Remptendorf (TH)",50.528715,11.659751,1875-09-22,240
"USA, Fernandina (FL)",30.332184,-81.655651,"DEU, Remptendorf (TH)",50.528715,11.659751,1876-07-23,474
"USA, Jacksonville (FL)",30.332184,-81.655651,"DEU, Remptendorf (TH)",50.528715,11.659751,1876-09-21,554
"USA, St. Augustine (FL)",29.901244,-81.312434,"DEU, Remptendorf (TH)",50.528715,11.659751,1876-12-11,600
"USA, St. Augustine (FL)",29.901244,-81.312434,"DEU, Remptendorf (TH)",50.528715,11.659751,1877-10-03,383
"USA, St. Augustine (FL)",29.901244,-81.312434,"DEU, Remptendorf (TH)",50.528715,11.659751,1877-12-25,412
"USA, St. Augustine (FL)",29.901244,-81.312434,"DEU, Remptendorf (TH)",50.528715,11.659751,1878-05-04,522
"USA, St. Augustine (FL)",29.901244,-81.312434,"DEU, Remptendorf (TH)",50.528715,11.659751,1878-11-24,502
"DEU, Stuttgart",48.775846,9.182932,"DEU, Remptendorf (TH)",50.528715,11.659751,02/03/1918,264
"DEU, Berlin",52.520007,13.404954,"DEU, Remptendorf (TH)",50.528715,11.659751,23/10/1925,481
"USA, New York (NY)",40.712784,-74.005941,"DEU, Remptendorf (TH)",50.528715,11.659751,30/08/1926,341
"USA, New York (NY)",40.712784,-74.005941,"DEU, Remptendorf (TH)",50.528715,11.659751,16/03/1939,390
"USA, Blue Ridge Summit (PA)",39.724262,-77.471378,"DEU, Remptendorf (TH)",50.528715,11.659751,02/06/1963,356
"USA, Blue Ridge Summit (PA)",39.724262,-77.471378,"DEU, Remptendorf (TH)",50.528715,11.659751,26/12/1963,354
"USA, Blue Ridge Summit (PA)",39.724262,-77.471378,"DEU, Remptendorf (TH)",50.528715,11.659751,30/06/1964,395
"USA, Blue Ridge Summit (PA)",39.724262,-77.471378,"DEU, Remptendorf (TH)",50.528715,11.659751,22/06/1967,520
"USA, Blue Ridge Summit (PA)",39.724262,-77.471378,"DEU, Remptendorf (TH)",50.528715,11.659751,27/08/1967,307
"USA, Blue Ridge Summit (PA)",39.724262,-77.471378,"DEU, Remptendorf (TH)",50.528715,11.659751,11/12/1967,505
"USA, Blue Ridge Summit (PA)",39.724262,-77.471378,"DEU, Remptendorf (TH)",50.528715,11.659751,31/03/1968,306
"USA, Blue Ridge Summit (PA)",39.724262,-77.471378,"DEU, Remptendorf (TH)",50.528715,11.659751,17/03/1969,281
"USA, Blue Ridge Summit (PA)",39.724262,-77.471378,"DEU, Remptendorf (TH)",50.528715,11.659751,28/06/1969,404
"USA, Blue Ridge Summit (PA)",39.724262,-77.471378,"DEU, Remptendorf (TH)",50.528715,11.659751,13/07/1971,389
"USA, Blue Ridge Summit (PA)",39.724262,-77.471378,"DEU, Remptendorf (TH)",50.528715,11.659751,02/08/1971,608
"USA, Blue Ridge Summit (PA)",39.724262,-77.471378,"DEU, Remptendorf (TH)",50.528715,11.659751,23/08/1973,344
"USA, Blue Ridge Summit (PA)",39.724262,-77.471378,"DEU, Remptendorf (TH)",50.528715,11.659751,14/06/1974,455
"USA, Blue Ridge Summit (PA)",39.724262,-77.471378,"DEU, Remptendorf (TH)",50.528715,11.659751,26/06/1975,339
"USA, Blue Ridge Summit (PA)",39.724262,-77.471378,"DEU, Remptendorf (TH)",50.528715,11.659751,18/07/1975,610
"USA, Blue Ridge Summit (PA)",39.724262,-77.471378,"DEU, Remptendorf (TH)",50.528715,11.659751,29/03/1976,521
"USA, Blue Ridge Summit (PA)",39.724262,-77.471378,"DEU, Remptendorf (TH)",50.528715,11.659751,11/06/1976,402
"USA, Blue Ridge Summit (PA)",39.724262,-77.471378,"DEU, Remptendorf (TH)",50.528715,11.659751,25/04/1977,273
"USA, Chicago (IL)",41.878114,-87.629798,"DEU, Remptendorf (TH)",50.528715,11.659751,15/11/1918,262
"USA, Orange (NJ)",40.770619,-74.232648,"DEU, Remptendorf (TH)",50.528715,11.659751,1866-09-16,523
"USA, Orange (NJ)",40.770619,-74.232648,"DEU, Remptendorf (TH)",50.528715,11.659751,1876-08-07,475
"USA, Warrensville (OH)",41.326467,-76.945521,"DEU, Remptendorf (TH)",50.528715,11.659751,1890-05-22,431
"USA, Warrensville (OH)",41.326467,-76.945521,"DEU, Remptendorf (TH)",50.528715,11.659751,1890-09-20,366
"USA, Warrensville (OH)",41.326467,-76.945521,"DEU, Remptendorf (TH)",50.528715,11.659751,1893-12-08,381
"USA, Ann Arbor (MI)",42.280826,-83.743038,"DEU, Remptendorf (TH)",50.528715,11.659751,10/05/1916,537
"USA, Ann Arbor (MI)",42.280826,-83.743038,"DEU, Remptendorf (TH)",50.528715,11.659751,23/08/1916,510
"USA, Homer (OH)",40.252612,-82.518687,"DEU, Remptendorf (TH)",50.528715,11.659751,23/03/1917,351
"USA, Ann Arbor (MI)",42.280826,-83.743038,"DEU, Remptendorf (TH)",50.528715,11.659751,25/04/1917,367
"USA, Ann Arbor (MI)",42.280826,-83.743038,"DEU, Remptendorf (TH)",50.528715,11.659751,22/01/1918,390
"USA, Orange (NJ)",40.770619,-74.232648,"DEU, Remptendorf (TH)",50.528715,11.659751,04/12/1930,527
"USA, Orange (NJ)",40.770619,-74.232648,"DEU, Remptendorf (TH)",50.528715,11.659751,04/12/1931,269
"USA, New York (NY)",40.712784,-74.005941,"DEU, Remptendorf (TH)",50.528715,11.659751,18/08/1940,357
"USA, New York (NY)",40.712784,-74.005941,"DEU, Remptendorf (TH)",50.528715,11.659751,02/10/1960,310
"USA, New York (NY)",40.712784,-74.005941,"DEU, Remptendorf (TH)",50.528715,11.659751,03/11/1962,342
"USA, New York (NY)",40.712784,-74.005941,"DEU, Remptendorf (TH)",50.528715,11.659751,30/05/1964,370
"USA, New York (NY)",40.712784,-74.005941,"DEU, Remptendorf (TH)",50.528715,11.659751,08/10/1965,453
"USA, New York (NY)",40.712784,-74.005941,"DEU, Remptendorf (TH)",50.528715,11.659751,22/01/1966,368
"USA, Wilmington (Delaware)",39.739072,-75.539788,"DEU, Remptendorf (TH)",50.528715,11.659751,23/04/1966,351
"USA, Wilmington (Delaware)",39.739072,-75.539788,"DEU, Remptendorf (TH)",50.528715,11.659751,26/06/1967,289
"USA, Wilmington (Delaware)",39.739072,-75.539788,"DEU, Wilhelmshaven",53.53234,8.106872,26/08/1967,428
"USA, Wilmington (Delaware)",39.739072,-75.539788,"DEU, Remptendorf (TH)",50.528715,11.659751,21/06/1969,445
"USA, Wilmington (Delaware)",39.739072,-75.539788,"DEU, Remptendorf (TH)",50.528715,11.659751,17/09/1970,327
"USA, Wilmington (Delaware)",39.739072,-75.539788,"DEU, Remptendorf (TH)",50.528715,11.659751,31/07/1971,407
"USA, Wilmington (Delaware)",39.739072,-75.539788,"DEU, Remptendorf (TH)",50.528715,11.659751,23/06/1972,451
"USA, Wilmington (Delaware)",39.739072,-75.539788,"DEU, Remptendorf (TH)",50.528715,11.659751,17/07/1972,543
"USA, Wilmington (Delaware)",39.739072,-75.539788,"DEU, Remptendorf (TH)",50.528715,11.659751,10/08/1977,421
"USA, Columbus (OH)",39.961176,-82.998794,"DEU, Remptendorf (TH)",50.528715,11.659751,26/06/1944,350
"USA, Columbus (OH)",39.961176,-82.998794,"DEU, Remptendorf (TH)",50.528715,11.659751,30/07/1964,286
"USA, Columbus (OH)",39.961176,-82.998794,"DEU, Remptendorf (TH)",50.528715,11.659751,05/05/1966,394
"USA, Columbus (OH)",39.961176,-82.998794,"DEU, Remptendorf (TH)",50.528715,11.659751,28/09/1967,496
"USA, Columbus (OH)",39.961176,-82.998794,"DEU, Remptendorf (TH)",50.528715,11.659751,03/01/1969,351
"USA, Columbus (OH)",39.961176,-82.998794,"DEU, Remptendorf (TH)",50.528715,11.659751,24/08/1969,507
"DEU, M?_nchen",48.135125,11.581981,"DEU, Remptendorf (TH)",50.528715,11.659751,09/12/1970,505
"DEU, Wilhelmshaven",53.53234,8.106872,"DEU, Remptendorf (TH)",50.528715,11.659751,07/04/1965,359
"DEU, Wilhelmshaven",53.53234,8.106872,"DEU, Remptendorf (TH)",50.528715,11.659751,29/06/1976,342
"DEU, Wilhelmshaven",53.53234,8.106872,"DEU, Remptendorf (TH)",50.528715,11.659751,27/05/1977,356
"USA, Wood Ridge (NJ)",40.845656,-74.087919,"DEU, Remptendorf (TH)",50.528715,11.659751,15/08/1943,391
"USA, Wood Ridge (NJ)",40.845656,-74.087919,"DEU, Remptendorf (TH)",50.528715,11.659751,24/09/1943,434
"USA, Jersey City (NJ)",40.728157,-74.077642,"DEU, Remptendorf (TH)",50.528715,11.659751,07/08/1902,456
"USA, Jersey City (NJ)",40.728157,-74.077642,"DEU, Remptendorf (TH)",50.528715,11.659751,27/01/1903,263
"USA, Princeton (NJ)",40.357298,-74.667223,"DEU, Remptendorf (TH)",50.528715,11.659751,27/07/1903,506
"USA, New York (NY) (NJ)",40.78306,-73.971249,"DEU, Remptendorf (TH)",50.528715,11.659751,27/01/1904,420
"USA, Port Cester (NY)",41.001764,-73.665683,"DEU, Remptendorf (TH)",50.528715,11.659751,27/07/1905,382
"USA, Jersey City (NJ)",40.728157,-74.077642,"DEU, Remptendorf (TH)",50.528715,11.659751,26/05/1907,598
"USA, Jersey City (NJ)",40.728157,-74.077642,"DEU, Remptendorf (TH)",50.528715,11.659751,24/08/1908,372
"USA, Jersey City (NJ)",40.728157,-74.077642,"DEU, Remptendorf (TH)",50.528715,11.659751,22/01/1909,339
"USA, Jersey City (NJ)",40.728157,-74.077642,"DEU, Remptendorf (TH)",50.528715,11.659751,23/12/1909,353
"USA, Jersey City (NJ)",40.728157,-74.077642,"DEU, Remptendorf (TH)",50.528715,11.659751,14/05/1910,415
"USA, Jersey City (NJ)",40.728157,-74.077642,"DEU, Remptendorf (TH)",50.528715,11.659751,29/04/1911,450
"USA, Jersey City (NJ)",40.728157,-74.077642,"DEU, Remptendorf (TH)",50.528715,11.659751,14/11/1912,467
"USA, Jersey City (NJ)",40.728157,-74.077642,"DEU, Remptendorf (TH)",50.528715,11.659751,21/05/1913,445
"USA, Rutherford (NJ)",40.826489,-74.106809,"DEU, Remptendorf (TH)",50.528715,11.659751,13/12/1914,325
"USA, Carlstadt (NJ)",40.840378,-74.090697,"DEU, Remptendorf (TH)",50.528715,11.659751,24/06/1916,218
"USA, Carlstadt (NJ)",40.840378,-74.090697,"DEU, Remptendorf (TH)",50.528715,11.659751,19/05/1917,405
"USA, Carlstadt (NJ)",40.840378,-74.090697,"DEU, Remptendorf (TH)",50.528715,11.659751,17/08/1917,391
"USA, Carlstadt (NJ)",40.840378,-74.090697,"DEU, Remptendorf (TH)",50.528715,11.659751,24/11/1917,625
"USA, Carlstadt (NJ)",40.840378,-74.090697,"DEU, Remptendorf (TH)",50.528715,11.659751,27/12/1917,328
"USA, Carlstadt (NJ)",40.840378,-74.090697,"DEU, Remptendorf (TH)",50.528715,11.659751,16/02/1918,406
"USA, Carlstadt (NJ)",40.840378,-74.090697,"DEU, Remptendorf (TH)",50.528715,11.659751,30/06/1919,435
"USA, Carlstadt (NJ)",40.840378,-74.090697,"DEU, Remptendorf (TH)",50.528715,11.659751,11/01/1920,421
"USA, Carlstadt (NJ)",40.840378,-74.090697,"DEU, Remptendorf (TH)",50.528715,11.659751,02/07/1920,399
"USA, Carlstadt (NJ)",40.840378,-74.090697,"DEU, Remptendorf (TH)",50.528715,11.659751,22/06/1923,312
"USA, Carlstadt (NJ)",40.840378,-74.090697,"DEU, Remptendorf (TH)",50.528715,11.659751,16/07/1925,396
"USA, Carlstadt (NJ)",40.840378,-74.090697,"DEU, Remptendorf (TH)",50.528715,11.659751,13/04/1926,446
"USA, Carlstadt (NJ)",40.840378,-74.090697,"DEU, Remptendorf (TH)",50.528715,11.659751,14/08/1931,477
"USA, Carlstadt (NJ)",40.840378,-74.090697,"DEU, Remptendorf (TH)",50.528715,11.659751,16/06/1932,434
"USA, Carlstadt (NJ)",40.840378,-74.090697,"DEU, Remptendorf (TH)",50.528715,11.659751,19/06/1940,327
"USA, Carlstadt (NJ)",40.840378,-74.090697,"DEU, Remptendorf (TH)",50.528715,11.659751,07/08/1940,316
"USA, Carlstadt (NJ)",40.840378,-74.090697,"DEU, Remptendorf (TH)",50.528715,11.659751,15/09/1940,519
"USA, Carlstadt (NJ)",40.840378,-74.090697,"DEU, Remptendorf (TH)",50.528715,11.659751,16/06/1941,414
"USA, Carlstadt (NJ)",40.840378,-74.090697,"DEU, Remptendorf (TH)",50.528715,11.659751,20/06/1943,327
"DEU, Sebnitz (S)",50.970912,14.273873,"USA, Carlstadt (NJ)",40.840378,-74.090697,16/07/1931,351
"DEU, Eckenhaid",49.57287,11.218454,"DEU, Remptendorf (TH)",50.528715,11.659751,23/08/1989,409
"USA, Lime Ridge (WI)",43.467759,-90.154849,"DEU, Remptendorf (TH)",50.528715,11.659751,26/06/1944,250
"USA, Lime Ridge (WI)",43.467759,-90.154849,"DEU, Remptendorf (TH)",50.528715,11.659751,30/06/1975,357
"USA, Lime Ridge (WI)",43.467759,-90.154849,"DEU, Remptendorf (TH)",50.528715,11.659751,26/06/1978,339